iter	Logloss	Accuracy:use_weights=true	Accuracy:use_weights=false
0	0.5992151592	0.9171565941	0.9047619048
1	0.5272417378	0.9171565941	0.9047619048
2	0.4718279065	0.9171565941	0.9047619048
3	0.4285044329	0.9171565941	0.9047619048
4	0.3943034058	0.9171565941	0.9047619048
5	0.3675495968	0.9171565941	0.9047619048
6	0.3469360513	0.9171565941	0.9047619048
7	0.3320823261	0.9171565941	0.9047619048
8	0.3195297947	0.9171565941	0.9047619048
9	0.3091244044	0.9171565941	0.9047619048
10	0.3014607007	0.9171565941	0.9047619048
11	0.2953783154	0.9171565941	0.9047619048
12	0.2888366011	0.9171565941	0.9047619048
13	0.2841169887	0.9171565941	0.9047619048
14	0.2801619034	0.9176775905	0.9054010866
15	0.2765280046	0.9181403599	0.9060402685
16	0.274108272	0.9183968919	0.9060402685
17	0.27208098	0.9176775905	0.9054010866
18	0.2698430792	0.9176775905	0.9054010866
19	0.2682781307	0.9181705171	0.9057206775
20	0.2667574443	0.9181705171	0.9057206775
21	0.2656548746	0.9181251446	0.9057206775
22	0.2640066827	0.9195426126	0.9076382231
23	0.262950406	0.9195467027	0.9076382231
24	0.2620369333	0.9195168877	0.907957814
25	0.2612186343	0.9212858481	0.9098753595
26	0.260220995	0.9209876116	0.9095557686
27	0.2593237363	0.9218971651	0.9105145414
28	0.258199627	0.9218971651	0.9105145414
29	0.2574239463	0.9221309022	0.9108341323
30	0.2561992046	0.922304869	0.9111537232
31	0.2550114419	0.9220817711	0.9108341323
32	0.2543396622	0.9220817711	0.9108341323
33	0.2537267826	0.9217895335	0.9105145414
34	0.2533295171	0.9217895335	0.9105145414
35	0.2528090672	0.9217895335	0.9105145414
36	0.2520955977	0.9220257247	0.9108341323
37	0.2518170719	0.9220257247	0.9108341323
38	0.2512350236	0.9220257247	0.9108341323
39	0.2500749677	0.9220257247	0.9108341323
40	0.2493421266	0.9220257247	0.9108341323
41	0.2489923999	0.922356355	0.9111537232
42	0.2484199084	0.922356355	0.9111537232
43	0.2476472994	0.922356355	0.9111537232
44	0.2471061617	0.9228716904	0.9117929051
45	0.246386438	0.9228035918	0.9117929051
46	0.2452529112	0.9230958294	0.912112496
47	0.244466211	0.9230958294	0.912112496
48	0.2438412796	0.9233232405	0.9124320869
49	0.2429284272	0.9233232405	0.9124320869
50	0.2422927925	0.9237551579	0.9130712688
51	0.2419028102	0.9242050718	0.9137104506
52	0.2414583303	0.9242050718	0.9137104506
53	0.2409406513	0.9242214012	0.9137104506
54	0.2403504465	0.9242303761	0.9137104506
55	0.2399749831	0.9239891131	0.9133908597
56	0.2393199252	0.9239891131	0.9133908597
57	0.2384539624	0.9242303761	0.9137104506
58	0.2378367617	0.9242303761	0.9137104506
59	0.2371007259	0.9242303761	0.9137104506
60	0.2363570248	0.9240054425	0.9133908597
61	0.2358092712	0.9240054425	0.9133908597
62	0.2355133592	0.9240054425	0.9133908597
63	0.2350713532	0.9242266365	0.9137104506
64	0.234740631	0.9244536609	0.9140300415
65	0.2344466266	0.9244536609	0.9140300415
66	0.2336190645	0.9244536609	0.9140300415
67	0.2329180772	0.9244536609	0.9140300415
68	0.232617555	0.9244536609	0.9140300415
69	0.2320141559	0.9244536609	0.9140300415
70	0.2316996527	0.9244536609	0.9140300415
71	0.2313667689	0.9244536609	0.9140300415
72	0.2308529413	0.9244536609	0.9140300415
73	0.2302372695	0.9244536609	0.9140300415
74	0.2297283161	0.9244536609	0.9140300415
75	0.2291060989	0.9246913939	0.9143496325
76	0.2288594958	0.9246913939	0.9143496325
77	0.2283748211	0.9246913939	0.9143496325
78	0.2281685181	0.9246913939	0.9143496325
79	0.2278337372	0.9251513919	0.9149888143
80	0.2274388402	0.9257303591	0.9156279962
81	0.2270220742	0.9257303591	0.9156279962
82	0.2265347638	0.9260645887	0.9159475871
83	0.2261861918	0.9258336378	0.9156279962
84	0.2258525577	0.9260645887	0.9159475871
85	0.225415711	0.9262870916	0.916267178
86	0.2248843113	0.926294786	0.916267178
87	0.2245992795	0.9261781511	0.916267178
88	0.2243809262	0.9261781511	0.916267178
89	0.2235120261	0.926409102	0.9165867689
90	0.223031977	0.9267433316	0.9169063599
91	0.2227794166	0.9267433316	0.9169063599
92	0.2222094777	0.9265123807	0.9165867689
93	0.2214975254	0.9267433316	0.9169063599
94	0.2208875949	0.9265123807	0.9165867689
95	0.220613618	0.9261781511	0.916267178
96	0.2202407542	0.9265123807	0.9165867689
97	0.2198133829	0.9261781511	0.916267178
98	0.2192926028	0.9261781511	0.916267178
99	0.2188091402	0.9261781511	0.916267178
100	0.2180913567	0.9261781511	0.916267178
101	0.2176262846	0.9261781511	0.916267178
102	0.2171539795	0.9261781511	0.916267178
103	0.2166659196	0.9264730454	0.9165867689
104	0.2163798162	0.926807275	0.9169063599
105	0.2159196784	0.926807275	0.9169063599
106	0.2152630695	0.926807275	0.9169063599
107	0.2149990868	0.9270232337	0.9172259508
108	0.2144366987	0.9270232337	0.9172259508
109	0.2138535106	0.9270232337	0.9172259508
110	0.2136071833	0.9272695337	0.9175455417
111	0.2132903059	0.9272695337	0.9175455417
112	0.2129889826	0.9272695337	0.9175455417
113	0.2124466598	0.9272695337	0.9175455417
114	0.2118506191	0.9272695337	0.9175455417
115	0.2113158632	0.9272695337	0.9175455417
116	0.2109481362	0.9276047074	0.9178651326
117	0.2104214324	0.9275004846	0.9178651326
118	0.209840198	0.9275004846	0.9178651326
119	0.209321459	0.9275004846	0.9178651326
120	0.2088947523	0.9278356582	0.9181847236
121	0.208138265	0.9280733913	0.9185043145
122	0.2075985829	0.9278356582	0.9181847236
123	0.2069071829	0.9278356582	0.9181847236
124	0.2066424999	0.9280733913	0.9185043145
125	0.2064079483	0.9280733913	0.9185043145
126	0.2060636157	0.9280733913	0.9185043145
127	0.2054349664	0.9280733913	0.9185043145
128	0.2050502587	0.9280733913	0.9185043145
129	0.2045509697	0.9280733913	0.9185043145
130	0.2042755996	0.9280733913	0.9185043145
131	0.2036211495	0.9280733913	0.9185043145
132	0.20326461	0.9280733913	0.9185043145
133	0.2030269548	0.9280733913	0.9185043145
134	0.2025579728	0.9280733913	0.9185043145
135	0.202399504	0.9280733913	0.9185043145
136	0.2021281752	0.9280733913	0.9185043145
137	0.201766782	0.9280733913	0.9185043145
138	0.2012566774	0.9283406157	0.9188239054
139	0.200711441	0.9283406157	0.9188239054
140	0.200427457	0.9283406157	0.9188239054
141	0.2000820119	0.9283406157	0.9188239054
142	0.1994871015	0.9288766639	0.9194630872
143	0.199250878	0.9291277233	0.9197826782
144	0.1988151566	0.9288766639	0.9194630872
145	0.1984853723	0.9288021011	0.9194630872
146	0.1982071575	0.9288021011	0.9194630872
147	0.1978893309	0.9288021011	0.9194630872
148	0.197404142	0.9288021011	0.9194630872
149	0.1970383542	0.9290531605	0.9197826782
150	0.1965248842	0.9290531605	0.9197826782
151	0.196107836	0.9290531605	0.9197826782
152	0.1955556479	0.92943507	0.9201022691
153	0.1949999273	0.9297551594	0.92042186
154	0.1946121892	0.9297309459	0.92042186
155	0.1942659809	0.9301318505	0.9207414509
156	0.1939875008	0.9301318505	0.9207414509
157	0.1936767568	0.9301318505	0.9207414509
158	0.1932822387	0.9301318505	0.9207414509
159	0.1928708773	0.9301318505	0.9207414509
160	0.192696552	0.9301318505	0.9207414509
161	0.1922389545	0.9301318505	0.9207414509
162	0.1919414352	0.9303620875	0.9210610419
163	0.1914187451	0.9306076141	0.9213806328
164	0.1912332422	0.9306076141	0.9213806328
165	0.1907913691	0.9306076141	0.9213806328
166	0.1905684594	0.9306076141	0.9213806328
167	0.1900257183	0.9306076141	0.9213806328
168	0.1897468989	0.9311024338	0.9217002237
169	0.1895573358	0.9308569071	0.9213806328
170	0.1893572068	0.9313741372	0.9220198146
171	0.1890890758	0.9311024338	0.9217002237
172	0.1886964703	0.9308569071	0.9213806328
173	0.1884747002	0.9308569071	0.9213806328
174	0.1880820987	0.9310922605	0.9217002237
175	0.1877336927	0.9305974408	0.9213806328
176	0.1874796525	0.9305974408	0.9213806328
177	0.1873921115	0.9305974408	0.9213806328
178	0.1869215033	0.9305974408	0.9213806328
179	0.1865670961	0.9305974408	0.9213806328
180	0.1864575823	0.9311056874	0.9220198146
181	0.1860778925	0.9316005071	0.9223394056
182	0.1856906549	0.9316005071	0.9223394056
183	0.1854529367	0.9316005071	0.9223394056
184	0.1852029139	0.9318722105	0.9226589965
185	0.1846534309	0.9313773908	0.9223394056
186	0.184377828	0.9313773908	0.9223394056
187	0.1839855049	0.9313773908	0.9223394056
188	0.1837577377	0.9315969488	0.9226589965
189	0.183351496	0.9318724987	0.9229785874
190	0.1829608162	0.9324090632	0.9236177693
191	0.1828656486	0.9324090632	0.9236177693
192	0.1825494111	0.9321635366	0.9232981783
193	0.1821692432	0.9326583562	0.9236177693
194	0.1820088139	0.9321635366	0.9232981783
195	0.1816977629	0.9321635366	0.9232981783
196	0.1814141455	0.9321635366	0.9232981783
197	0.1812055622	0.9318724987	0.9229785874
198	0.1808398141	0.9323108839	0.9232981783
199	0.1807024688	0.9320653573	0.9229785874
200	0.1802516327	0.9328057035	0.9236177693
201	0.1798646059	0.9326019217	0.9236177693
202	0.1795997265	0.9326019217	0.9236177693
203	0.1794185755	0.9323108839	0.9232981783
204	0.179099193	0.9323108839	0.9232981783
205	0.1786283914	0.9323108839	0.9232981783
206	0.1784689053	0.9323108839	0.9232981783
207	0.1779977431	0.9320653573	0.9229785874
208	0.1776309248	0.9320653573	0.9229785874
209	0.1772097734	0.9320653573	0.9229785874
210	0.1767689407	0.9320653573	0.9229785874
211	0.1765103888	0.9318618495	0.9229785874
212	0.1761890198	0.9322897391	0.9232981783
213	0.1759717085	0.9327387735	0.9236177693
214	0.1756424357	0.9329880665	0.9236177693
215	0.1753530253	0.9329880665	0.9236177693
216	0.1750750624	0.9325459149	0.9236177693
217	0.1747581909	0.9325459149	0.9236177693
218	0.1745622708	0.9327807923	0.9239373602
219	0.1740721197	0.9327807923	0.9239373602
220	0.1735377068	0.9327807923	0.9239373602
221	0.1732989495	0.933185972	0.9242569511
222	0.1728243611	0.9336807917	0.924576542
223	0.172477176	0.933185972	0.9242569511
224	0.172320642	0.9334392327	0.924576542
225	0.1720592722	0.9337187091	0.9248961329
226	0.1717608548	0.9342710412	0.9252157239
227	0.1713329507	0.9342710412	0.9252157239
228	0.1705701924	0.9345243019	0.9255353148
229	0.1703858326	0.9345243019	0.9255353148
230	0.1701376871	0.934962687	0.9258549057
231	0.1696264404	0.9347395892	0.9255353148
232	0.1692138746	0.9347395892	0.9255353148
233	0.1689228082	0.9351038131	0.9258549057
234	0.1686910648	0.9353671875	0.9261744966
235	0.1683288944	0.9353671875	0.9261744966
236	0.1681324703	0.9353671875	0.9261744966
237	0.1676181115	0.9355929625	0.9264940876
238	0.1672935858	0.9355929625	0.9264940876
239	0.167023573	0.9355929625	0.9264940876
240	0.1667836304	0.9355929625	0.9264940876
241	0.166543747	0.9355929625	0.9264940876
242	0.1662829548	0.9355929625	0.9264940876
243	0.166042153	0.935970041	0.9268136785
244	0.1657415802	0.935750483	0.9264940876
245	0.1655445923	0.9362303211	0.9271332694
246	0.1651074046	0.9362303211	0.9271332694
247	0.1647903597	0.936715379	0.9274528603
248	0.1644234691	0.936715379	0.9274528603
249	0.1642453974	0.9369630473	0.9277724513
250	0.1641365247	0.9374949041	0.9280920422
251	0.1639399758	0.9377108628	0.9284116331
252	0.1636520631	0.9379565976	0.928731224
253	0.1634747388	0.9381761556	0.929050815
254	0.163128123	0.9385043863	0.9293704059
255	0.1630371307	0.9385043863	0.9293704059
256	0.162750223	0.9387954242	0.9296899968
257	0.1626547182	0.9387954242	0.9296899968
258	0.1624351114	0.9387948788	0.9296899968
259	0.1621601035	0.9390876306	0.9300095877
260	0.1619136069	0.9390876306	0.9300095877
261	0.1617450098	0.9393217941	0.9303291787
262	0.1614497562	0.9390876306	0.9300095877
263	0.1612419858	0.9393297661	0.9303291787
264	0.1610357113	0.9395639296	0.9306487696
265	0.1609034602	0.9393217941	0.9303291787
266	0.1604417849	0.9388367362	0.9300095877
267	0.1599835632	0.939364347	0.9306487696
268	0.1596330879	0.939364347	0.9306487696
269	0.1595403762	0.939372319	0.9306487696
270	0.1593125952	0.9396180538	0.9309683605
271	0.1591032458	0.9400289051	0.9312879514
272	0.1588960831	0.9400062979	0.9312879514
273	0.158602776	0.9400062979	0.9312879514
274	0.1581711736	0.9402484334	0.9316075423
275	0.1578765471	0.9402484334	0.9316075423
276	0.1576265164	0.9404660281	0.9319271333
277	0.1575574996	0.9404660281	0.9319271333
278	0.1574186198	0.9404660281	0.9319271333
279	0.1571212715	0.9409094368	0.9322467242
280	0.157006985	0.9409094368	0.9322467242
281	0.1567751896	0.9409094368	0.9322467242
282	0.1565606027	0.9409094368	0.9322467242
283	0.1563307191	0.9413944947	0.9325663151
284	0.1561401349	0.9413733273	0.9325663151
285	0.1560218654	0.9413733273	0.9325663151
286	0.1557770902	0.9421686194	0.933205497
287	0.1555035937	0.9423917172	0.9335250879
288	0.1553399135	0.9423917172	0.9335250879
289	0.1550045087	0.9423917172	0.9335250879
290	0.1545134863	0.9416367619	0.932885906
291	0.1543673737	0.9416594719	0.932885906
292	0.1541395215	0.9422152327	0.9335250879
293	0.1539876431	0.9424544233	0.9338446788
294	0.1537316024	0.9420773448	0.9335250879
295	0.1533770043	0.9422803567	0.9335250879
296	0.1530435527	0.9427553568	0.9341642697
297	0.1529516184	0.9427553568	0.9341642697
298	0.1527644185	0.9427553568	0.9341642697
299	0.152454865	0.9430625915	0.9344838607
300	0.1522169846	0.9430625915	0.9344838607
301	0.1518275112	0.9430625915	0.9344838607
302	0.1515069434	0.9430625915	0.9344838607
303	0.151377472	0.9430625915	0.9344838607
304	0.151213063	0.9433310129	0.9348034516
305	0.1508822571	0.9434008567	0.9348034516
306	0.1505952179	0.9431556672	0.9344838607
307	0.1500941122	0.9431556672	0.9344838607
308	0.1499796439	0.9430127522	0.9344838607
309	0.1497671298	0.9430975931	0.9344838607
310	0.1496463206	0.9430127522	0.9344838607
311	0.1493320704	0.9433898307	0.9348034516
312	0.1491126108	0.9433898307	0.9348034516
313	0.1489958993	0.9433898307	0.9348034516
314	0.1486809088	0.9433720757	0.9348034516
315	0.1484401132	0.9440021422	0.9354426334
316	0.1480972954	0.9437099046	0.9351230425
317	0.1478470814	0.9440021422	0.9354426334
318	0.1476330867	0.9440021422	0.9354426334
319	0.1473927558	0.9442270758	0.9357622244
320	0.1470889786	0.9442270758	0.9357622244
321	0.1468695523	0.9442270758	0.9357622244
322	0.1466395161	0.9445343105	0.9360818153
323	0.1463838314	0.9442270758	0.9357622244
324	0.1462190886	0.9442270758	0.9357622244
325	0.1459494656	0.9445343105	0.9360818153
326	0.1457930452	0.9445343105	0.9360818153
327	0.1454439223	0.9444363557	0.9357622244
328	0.1453500954	0.9444363557	0.9357622244
329	0.1451507058	0.9443919181	0.9357622244
330	0.1450001585	0.9443919181	0.9357622244
331	0.1447152985	0.9441669845	0.9354426334
332	0.1444996861	0.9441669845	0.9354426334
333	0.144298283	0.9443919181	0.9357622244
334	0.1440675507	0.9443919181	0.9357622244
335	0.1438440997	0.9443919181	0.9357622244
336	0.1435840681	0.9443919181	0.9357622244
337	0.1432811757	0.944687942	0.9360818153
338	0.1431793207	0.944687942	0.9360818153
339	0.1430143011	0.944687942	0.9360818153
340	0.1428287524	0.944687942	0.9360818153
341	0.1426951646	0.9444458065	0.9357622244
342	0.1425303619	0.9444458065	0.9357622244
343	0.1422521229	0.9444458065	0.9357622244
344	0.1420516544	0.9444458065	0.9357622244
345	0.1417790748	0.9444458065	0.9357622244
346	0.1417221032	0.944690996	0.9360818153
347	0.1413897265	0.9450298611	0.9364014062
348	0.1411617934	0.9450298611	0.9364014062
349	0.1409452028	0.9450298611	0.9364014062
350	0.1405426453	0.944690996	0.9360818153
351	0.1402799578	0.9452719966	0.9367209971
352	0.1400809327	0.9453899792	0.937040588
353	0.139962698	0.9457288443	0.937360179
354	0.1397267524	0.9457288443	0.937360179
355	0.1395266022	0.9461223548	0.9376797699
356	0.1392906003	0.9463471482	0.9379993608
357	0.1391290972	0.9463471482	0.9379993608
358	0.1388571687	0.9466423937	0.9383189517
359	0.1385733795	0.9466423937	0.9383189517
360	0.1384584984	0.9466423937	0.9383189517
361	0.1382957137	0.9466423937	0.9383189517
362	0.1381837656	0.9469031505	0.9386385427
363	0.1380158139	0.9469031505	0.9386385427
364	0.1377034494	0.9473662718	0.9392777245
365	0.1375528462	0.9473662718	0.9392777245
366	0.1371906963	0.9473662718	0.9392777245
367	0.1370697971	0.9473662718	0.9392777245
368	0.1365878786	0.9478060812	0.9395973154
369	0.1364307168	0.9478060812	0.9395973154
370	0.1361886021	0.9478060812	0.9395973154
371	0.1360096416	0.9474125707	0.9392777245
372	0.1357069528	0.9474245981	0.9392777245
373	0.135534783	0.9471897208	0.9389581336
374	0.135256322	0.9474960319	0.9392777245
375	0.1350057877	0.9478191208	0.9395973154
376	0.1348299498	0.9478191208	0.9395973154
377	0.1347435185	0.9478191208	0.9395973154
378	0.1344088824	0.9483041468	0.9402364973
379	0.1342987624	0.9480692694	0.9399169064
380	0.1341827522	0.9483300262	0.9402364973
381	0.1340845487	0.9483300262	0.9402364973
382	0.1338200689	0.9479759161	0.9399169064
383	0.133606303	0.9479759161	0.9399169064
384	0.1334553523	0.9483041468	0.9402364973
385	0.1333759793	0.9483041468	0.9402364973
386	0.1332706603	0.9487173665	0.9405560882
387	0.1332110285	0.9487173665	0.9405560882
388	0.1329776532	0.9481542584	0.9399169064
389	0.1326214443	0.9484824891	0.9402364973
390	0.132381369	0.9484824891	0.9402364973
391	0.1321610981	0.9486892349	0.9405560882
392	0.1318884096	0.9491614381	0.9408756791
393	0.131763063	0.9492614398	0.9408756791
394	0.1315198966	0.9496549503	0.9411952701
395	0.1313734902	0.9496549503	0.9411952701
396	0.1311831418	0.9496549503	0.9411952701
397	0.1310671406	0.9496549503	0.9411952701
398	0.1309612103	0.9496549503	0.9411952701
399	0.1307221868	0.9493267196	0.9408756791
400	0.1304573658	0.9493267196	0.9408756791
401	0.130275104	0.9493267196	0.9408756791
402	0.130191009	0.949561597	0.9411952701
403	0.1299263434	0.9498670413	0.941514861
404	0.1297775796	0.9500952703	0.9418344519
405	0.1296539463	0.9500952703	0.9418344519
406	0.1295541614	0.9500952703	0.9418344519
407	0.1294548176	0.9500952703	0.9418344519
408	0.1293474673	0.9500952703	0.9418344519
409	0.1291802429	0.9503605131	0.9421540428
410	0.1290851621	0.9505674735	0.9421540428
411	0.1287580513	0.9505674735	0.9421540428
412	0.1286420763	0.9505674735	0.9421540428
413	0.1285366056	0.9508849694	0.9424736337
414	0.1283091694	0.9508849694	0.9424736337
415	0.1282387328	0.9508849694	0.9424736337
416	0.1280714837	0.9511502121	0.9427932247
417	0.1279814526	0.9511502121	0.9427932247
418	0.1276912591	0.9514784429	0.9431128156
419	0.1274255508	0.9517379595	0.9434324065
420	0.1271898222	0.9517379595	0.9434324065
421	0.1270243534	0.9519818401	0.9437519974
422	0.1268833936	0.9513883666	0.9431128156
423	0.1267472726	0.9516946778	0.9434324065
424	0.1264753743	0.9525986185	0.9443911793
425	0.1262187171	0.9525289539	0.9443911793
426	0.1261436743	0.9525289539	0.9443911793
427	0.1260252832	0.9528628407	0.9447107702
428	0.125860039	0.9528628407	0.9447107702
429	0.1256286577	0.9531943435	0.9450303611
430	0.1252914997	0.9533860886	0.9453499521
431	0.1252400612	0.953093851	0.9450303611
432	0.1250495069	0.953093851	0.9450303611
433	0.1248419077	0.953093851	0.9450303611
434	0.1245784131	0.953093851	0.9450303611
435	0.1244619037	0.953093851	0.9450303611
436	0.1244005675	0.953093851	0.9450303611
437	0.1241986504	0.9529531507	0.9450303611
438	0.1238347632	0.9530195432	0.9450303611
439	0.123539497	0.9539291456	0.9459891339
440	0.1233375319	0.9539291456	0.9459891339
441	0.1232452497	0.9539291456	0.9459891339
442	0.1231154319	0.9539684109	0.9459891339
443	0.1229674645	0.9537014669	0.945669543
444	0.1227998833	0.9543506313	0.9463087248
445	0.1225616137	0.9540836873	0.9459891339
446	0.1224494735	0.9540836873	0.9459891339
447	0.1222305698	0.9533575612	0.9453499521
448	0.1221046835	0.9533575612	0.9453499521
449	0.1219274861	0.9537554566	0.945669543
450	0.1217572012	0.9536497988	0.945669543
451	0.1214262609	0.9537554566	0.945669543
452	0.1212201903	0.9540096096	0.9459891339
453	0.1210689719	0.9540096096	0.9459891339
454	0.1208660694	0.9543378403	0.9463087248
455	0.1207000968	0.9540096096	0.9459891339
456	0.1204907544	0.9543018472	0.9463087248
457	0.1203480279	0.9543018472	0.9463087248
458	0.1202953509	0.9547740504	0.9466283158
459	0.1200974712	0.9549932812	0.9469479067
460	0.1199597899	0.9546593944	0.9466283158
461	0.119888352	0.9546593944	0.9466283158
462	0.1197787319	0.9546593944	0.9466283158
463	0.1196224294	0.9546593944	0.9466283158
464	0.1193032838	0.9549422131	0.9469479067
465	0.119203128	0.9552843984	0.9472674976
466	0.1190784313	0.9555513424	0.9475870885
467	0.1189159615	0.954925218	0.9469479067
468	0.1187376782	0.9552174556	0.9472674976
469	0.1185192044	0.9546524338	0.9466283158
470	0.1183260038	0.955018749	0.9469479067
471	0.1182445784	0.9553924074	0.9472674976
472	0.1181957176	0.9551001698	0.9469479067
473	0.117913852	0.95510601	0.9469479067
474	0.1178067139	0.9553982476	0.9472674976
475	0.1175811508	0.9551254634	0.9469479067
476	0.1172005236	0.9549667587	0.9469479067
477	0.1169516956	0.9543708857	0.9463087248
478	0.1166107476	0.9549877328	0.9469479067
479	0.1164418399	0.9555529748	0.9475870885
480	0.1162194093	0.9554435386	0.9475870885
481	0.1159740017	0.9555765885	0.9475870885
482	0.1158416549	0.9562414278	0.9482262704
483	0.1156742279	0.95632989	0.9482262704
484	0.115538424	0.9562414278	0.9482262704
485	0.1153714433	0.9562414278	0.9482262704
486	0.1151722091	0.9559686436	0.9479066795
487	0.1150537154	0.9559686436	0.9479066795
488	0.1149146322	0.9566116208	0.9485458613
489	0.1148331676	0.9566116208	0.9485458613
490	0.1146427764	0.9566116208	0.9485458613
491	0.1143882643	0.956277734	0.9482262704
492	0.1142962124	0.956277734	0.9482262704
493	0.1141876822	0.9566116208	0.9485458613
494	0.1141429786	0.9566116208	0.9485458613
495	0.1139478204	0.9575477145	0.9491850431
496	0.1137614287	0.9569943632	0.9488654522
497	0.113658954	0.9575477145	0.9491850431
498	0.1135045284	0.9577636732	0.9495046341
499	0.1132652856	0.9574297864	0.9491850431
500	0.112903002	0.9576562158	0.9495046341
501	0.1128014353	0.9579470044	0.949824225
502	0.1126234181	0.9579470044	0.949824225
503	0.1124184703	0.9582108377	0.9501438159
504	0.1123058167	0.9577205749	0.9495046341
505	0.1121734383	0.9582108377	0.9501438159
506	0.1120778355	0.9582108377	0.9501438159
507	0.1118780901	0.9582892917	0.9501438159
508	0.1117850584	0.9586356124	0.9504634068
509	0.1115544274	0.9586356124	0.9504634068
510	0.1114204515	0.9588808019	0.9507829978
511	0.111270119	0.9586356124	0.9504634068
512	0.1110609724	0.9586356124	0.9504634068
513	0.110893223	0.9585640469	0.9504634068
514	0.1105915025	0.959383459	0.9514221796
515	0.1103982258	0.9588550302	0.9511025887
516	0.1101805792	0.958969359	0.9511025887
517	0.1099830937	0.958969359	0.9511025887
518	0.1098852294	0.958749801	0.9507829978
519	0.109715158	0.9592409434	0.9514221796
520	0.1095926069	0.958969359	0.9511025887
521	0.1093577782	0.9593394889	0.9514221796
522	0.1090784782	0.9593915154	0.9514221796
523	0.1090490588	0.9593915154	0.9514221796
524	0.108971241	0.9593915154	0.9514221796
525	0.1086487493	0.9593766252	0.9514221796
526	0.1085117233	0.9595961832	0.9517417705
527	0.1084073158	0.9601125442	0.9523809524
528	0.1082880389	0.9600790363	0.9523809524
529	0.1081588334	0.9603592061	0.9527005433
530	0.1079786281	0.9603566429	0.9527005433
531	0.1078670505	0.960924337	0.9533397252
532	0.107809502	0.960704779	0.9530201342
533	0.1074848296	0.9603150108	0.9527005433
534	0.1074244183	0.960551202	0.9530201342
535	0.107233608	0.960805355	0.9533397252
536	0.1071612724	0.960805355	0.9533397252
537	0.1069858365	0.9605415216	0.9530201342
538	0.1069118497	0.9609297409	0.9533397252
539	0.1067577227	0.9606935497	0.9530201342
540	0.1065449508	0.961829413	0.953978907
541	0.1064029797	0.9624948572	0.9546180888
542	0.1063370208	0.9624948572	0.9546180888
543	0.1061612417	0.9621066379	0.9542984979
544	0.1061280325	0.9623704713	0.9546180888
545	0.1060853525	0.9623704713	0.9546180888
546	0.1058273318	0.9624882669	0.9546180888
547	0.1056377701	0.9627521003	0.9549376798
548	0.1054969579	0.9627521003	0.9549376798
549	0.1053777575	0.9627521003	0.9549376798
550	0.105211622	0.9627521003	0.9549376798
551	0.1051603271	0.9627521003	0.9549376798
552	0.1049370646	0.9633893654	0.9555768616
553	0.104852968	0.9633893654	0.9555768616
554	0.1047426953	0.9633893654	0.9555768616
555	0.1046779968	0.9633893654	0.9555768616
556	0.1046138552	0.9633893654	0.9555768616
557	0.1045262229	0.9633893654	0.9555768616
558	0.1042536986	0.9633893654	0.9555768616
559	0.1041834328	0.9633893654	0.9555768616
560	0.1040867267	0.9636923875	0.9558964525
561	0.1040320637	0.9636923875	0.9558964525
562	0.103832045	0.9636923875	0.9558964525
563	0.1037678322	0.9636923875	0.9558964525
564	0.1035392837	0.9634561963	0.9555768616
565	0.1034349716	0.9634561963	0.9555768616
566	0.1032866725	0.9636852434	0.9558964525
567	0.1032131233	0.9636852434	0.9558964525
568	0.1030876565	0.9636852434	0.9558964525
569	0.1029956935	0.9640191302	0.9562160435
570	0.1029003936	0.9640191302	0.9562160435
571	0.1028344576	0.9640191302	0.9562160435
572	0.1027627162	0.9640191302	0.9562160435
573	0.1026979749	0.9640191302	0.9562160435
574	0.1025541476	0.9646136803	0.9568552253
575	0.1024558604	0.9646136803	0.9568552253
576	0.1023980202	0.9646136803	0.9568552253
577	0.1022248429	0.9648789231	0.9571748162
578	0.1021490194	0.9648789231	0.9571748162
579	0.1019472355	0.965103062	0.9574944072
580	0.101852439	0.9653968202	0.9578139981
581	0.1017089586	0.9645782262	0.9571748162
582	0.1016186502	0.9645782262	0.9571748162
583	0.1015605575	0.9645782262	0.9571748162
584	0.1014288393	0.9642811894	0.9568552253
585	0.1011914557	0.9649156188	0.9571748162
586	0.1011263183	0.9649156188	0.9571748162
587	0.100898515	0.9648904781	0.9571748162
588	0.100733375	0.9643893019	0.9568552253
589	0.1006003808	0.965161884	0.9574944072
590	0.1004090934	0.9649426532	0.9571748162
591	0.1002824399	0.965748938	0.958133589
592	0.1001539062	0.9660763897	0.9584531799
593	0.1000677226	0.9663215792	0.9587727709
594	0.09998417949	0.96654081	0.9590923618
595	0.09992891545	0.96654081	0.9590923618
596	0.09988490883	0.96654081	0.9590923618
597	0.09975223353	0.9662069232	0.9587727709
598	0.09961796943	0.9662069232	0.9587727709
599	0.09957187847	0.9662069232	0.9587727709
600	0.09944410516	0.9668060527	0.9594119527
601	0.09939280637	0.9668060527	0.9594119527
602	0.09929770716	0.9668060527	0.9594119527
603	0.09921838801	0.9670788369	0.9597315436
604	0.09909632958	0.9670295529	0.9597315436
605	0.09894613307	0.9670295529	0.9597315436
606	0.09872299513	0.9675580752	0.9603707255
607	0.09862058325	0.9675580752	0.9603707255
608	0.0984189848	0.9673388444	0.9600511345
609	0.09828555421	0.9673388444	0.9600511345
610	0.09810002621	0.9671192864	0.9597315436
611	0.09804901798	0.9671192864	0.9597315436
612	0.09794276255	0.9673385172	0.9600511345
613	0.09770128041	0.9677570997	0.9603707255
614	0.09750808006	0.9677690429	0.9603707255
615	0.09737956242	0.9684685325	0.9610099073
616	0.09722908101	0.9686916303	0.9613294982
617	0.09708515306	0.9683773201	0.9610099073
618	0.0969384228	0.9686380769	0.9613294982
619	0.09684044615	0.9686380769	0.9613294982
620	0.09665813327	0.9683773201	0.9610099073
621	0.09646655335	0.9686767578	0.9616490892
622	0.09629105878	0.9685920267	0.9616490892
623	0.09619163808	0.9688207062	0.9616490892
624	0.09603935897	0.9692726925	0.962288271
625	0.09587242847	0.9696065793	0.9626078619
626	0.09577226228	0.9696065793	0.9626078619
627	0.09571515523	0.9696065793	0.9626078619
628	0.09549255591	0.9698710989	0.9629274529
629	0.09535585287	0.9696157659	0.9626078619
630	0.09510934417	0.9696157659	0.9626078619
631	0.09494823137	0.9698710989	0.9629274529
632	0.09489344462	0.9698710989	0.9629274529
633	0.09480300826	0.9698710989	0.9629274529
634	0.09465174351	0.9696546494	0.9626078619
635	0.09447717114	0.9699179289	0.9629274529
636	0.09422973153	0.9703396731	0.9632470438
637	0.09391905814	0.97107299	0.9642058166
638	0.09377602718	0.9708439429	0.9638862256
639	0.09367103777	0.9708439429	0.9638862256
640	0.09338878189	0.97107299	0.9642058166
641	0.09328174399	0.97107299	0.9642058166
642	0.09321246227	0.97107299	0.9642058166
643	0.0929291839	0.9710499188	0.9642058166
644	0.09285740145	0.9710499188	0.9642058166
645	0.09274071949	0.9712144255	0.9645254075
646	0.0927022894	0.9712942903	0.9645254075
647	0.09254494707	0.9712923865	0.9645254075
648	0.09243128862	0.9707874623	0.9638862256
649	0.09230799203	0.9710184132	0.9642058166
650	0.09221330235	0.9712379415	0.9645254075
651	0.09217407599	0.9712379415	0.9645254075
652	0.09203952174	0.9712360377	0.9645254075
653	0.0919599791	0.9715699245	0.9648449984
654	0.09170039236	0.9718458016	0.9651645893
655	0.09162369272	0.9718458016	0.9651645893
656	0.09146685519	0.971832381	0.9651645893
657	0.09129834954	0.9720631732	0.9654841802
658	0.09115709338	0.9725857123	0.9661233621
659	0.09108987742	0.9725857123	0.9661233621
660	0.09100291468	0.9725857123	0.9661233621
661	0.09085011801	0.9725857123	0.9661233621
662	0.09073221264	0.9725857123	0.9661233621
663	0.09066142603	0.9725857123	0.9661233621
664	0.09052413419	0.9725857123	0.9661233621
665	0.09031129456	0.9730512778	0.9667625439
666	0.09017424854	0.9730512778	0.9667625439
667	0.09006590425	0.9730512778	0.9667625439
668	0.08987757008	0.9728300837	0.966442953
669	0.08980105398	0.9728300837	0.966442953
670	0.08960810966	0.9728300837	0.966442953
671	0.08934434077	0.9731943076	0.9667625439
672	0.08917785002	0.9734517922	0.9670821349
673	0.08904585683	0.9736729863	0.9674017258
674	0.08886814433	0.9736729863	0.9674017258
675	0.08875538485	0.9734517922	0.9670821349
676	0.08863193517	0.9734517922	0.9670821349
677	0.08848085975	0.9734517922	0.9670821349
678	0.08843231282	0.9734517922	0.9670821349
679	0.08824602331	0.9734517922	0.9670821349
680	0.08811270243	0.9736729863	0.9674017258
681	0.08805032257	0.9736729863	0.9674017258
682	0.08790337393	0.9736729863	0.9674017258
683	0.08785344304	0.9736729863	0.9674017258
684	0.0877064809	0.9736729863	0.9674017258
685	0.08755238803	0.9739682318	0.9677213167
686	0.0873293667	0.9739682318	0.9677213167
687	0.08726106262	0.9739682318	0.9677213167
688	0.08720629043	0.973888486	0.9677213167
689	0.08707339981	0.9735932405	0.9674017258
690	0.08696809667	0.97365932	0.9674017258
691	0.08689621236	0.9739682318	0.9677213167
692	0.08680442178	0.97365932	0.9674017258
693	0.08674160646	0.9741973979	0.9680409076
694	0.0866256704	0.9744611838	0.9683604986
695	0.08654238228	0.9741973979	0.9680409076
696	0.08648684662	0.973888486	0.9677213167
697	0.08637815407	0.9739530265	0.9677213167
698	0.08627868799	0.9739530265	0.9677213167
699	0.08610543484	0.9744473865	0.9683604986
700	0.08607461306	0.9744473865	0.9683604986
701	0.08582078937	0.9744473865	0.9683604986
702	0.08570777034	0.9738992493	0.9677213167
703	0.08565564828	0.9738992493	0.9677213167
704	0.08559889867	0.9739231059	0.9677213167
705	0.08550900524	0.9744545207	0.9683604986
706	0.08541293667	0.9747003645	0.9686800895
707	0.08522510736	0.9747003645	0.9686800895
708	0.0850899851	0.9749615172	0.9689996804
709	0.08497337543	0.9752115058	0.9693192713
710	0.08486973083	0.9752115058	0.9693192713
711	0.08471991041	0.9752115058	0.9693192713
712	0.08468437545	0.9752115058	0.9693192713
713	0.08459244036	0.9752115058	0.9693192713
714	0.08451602006	0.9752115058	0.9693192713
715	0.08439371061	0.9752115058	0.9693192713
716	0.08430957838	0.9752115058	0.9693192713
717	0.08428371095	0.9752115058	0.9693192713
718	0.08418451571	0.9752115058	0.9693192713
719	0.08406214541	0.9749615172	0.9689996804
720	0.08374216419	0.9749441255	0.9689996804
721	0.08363598529	0.9752318367	0.9693192713
722	0.08356062915	0.9749994084	0.9689996804
723	0.08350386694	0.9749994084	0.9689996804
724	0.08342632952	0.9749994084	0.9689996804
725	0.08337962375	0.9749994084	0.9689996804
726	0.08313779923	0.9750033845	0.9689996804
727	0.08297635649	0.9750209448	0.9689996804
728	0.08286211612	0.9750209448	0.9689996804
729	0.08279960532	0.9755420149	0.9696388623
730	0.08276426955	0.9753095866	0.9693192713
731	0.08258268645	0.9750357415	0.9689996804
732	0.08249248101	0.9750357415	0.9689996804
733	0.0824489012	0.9750357415	0.9689996804
734	0.08236559399	0.9752681698	0.9693192713
735	0.08229361892	0.9752681698	0.9693192713
736	0.08224702831	0.9752681698	0.9693192713
737	0.08202053503	0.9752681698	0.9693192713
738	0.08191655282	0.975518431	0.9696388623
739	0.08179296392	0.9757854734	0.9699584532
740	0.08172061028	0.975518431	0.9696388623
741	0.08155305192	0.975518431	0.9696388623
742	0.08141592709	0.9760146395	0.9702780441
743	0.08129250482	0.975993441	0.9702780441
744	0.08110030537	0.975993441	0.9702780441
745	0.08091835844	0.9760313173	0.9702780441
746	0.08077654225	0.9760280551	0.9702780441
747	0.08069261046	0.9760280551	0.9702780441
748	0.08058278727	0.9760280551	0.9702780441
749	0.08043524453	0.9761986697	0.9702780441
750	0.0802559877	0.9761986697	0.9702780441
751	0.08018646595	0.9764278358	0.970597635
752	0.08009284988	0.9764278358	0.970597635
753	0.08004193563	0.9767556302	0.970917226
754	0.07978072279	0.9767556302	0.970917226
755	0.0797604013	0.9767556302	0.970917226
756	0.07971706014	0.9767556302	0.970917226
757	0.07960913546	0.9767556302	0.970917226
758	0.07958037669	0.9767556302	0.970917226
759	0.07952851383	0.9767556302	0.970917226
760	0.07943607413	0.9770294754	0.9712368169
761	0.07936840911	0.9767016809	0.970917226
762	0.07927999085	0.9767016809	0.970917226
763	0.0791505495	0.9767016809	0.970917226
764	0.07911099688	0.9767016809	0.970917226
765	0.07902134829	0.9763019003	0.970597635
766	0.07892644514	0.9763019003	0.970597635
767	0.07877545815	0.9766296947	0.970917226
768	0.07863748235	0.9768587418	0.9712368169
769	0.07854515597	0.9768587418	0.9712368169
770	0.07847566633	0.9768587418	0.9712368169
771	0.07838806691	0.9768587418	0.9712368169
772	0.07828434669	0.9770911701	0.9715564078
773	0.07814279632	0.9774057678	0.9718759987
774	0.07802530035	0.9774057678	0.9718759987
775	0.07785926576	0.9771766017	0.9715564078
776	0.07768127797	0.977697771	0.9721955896
777	0.0775856353	0.977697771	0.9721955896
778	0.07749373743	0.9782847336	0.9728347715
779	0.07737674728	0.9780553593	0.9725151806
780	0.07714846899	0.978536031	0.9731543624
781	0.07710961675	0.978536031	0.9731543624
782	0.07697506467	0.9780553593	0.9725151806
783	0.07683748824	0.9783066566	0.9728347715
784	0.07664326258	0.977992059	0.9725151806
785	0.07644365818	0.977992059	0.9725151806
786	0.07640772717	0.977992059	0.9725151806
787	0.07623451396	0.9793196603	0.9737935443
788	0.07611713961	0.9799881046	0.9744327261
789	0.07608441191	0.9799881046	0.9744327261
790	0.07594920568	0.9799881046	0.9744327261
791	0.07583382707	0.979738116	0.9741131352
792	0.07579817065	0.979738116	0.9741131352
793	0.07571653989	0.979738116	0.9741131352
794	0.07567725432	0.979738116	0.9741131352
795	0.07548603669	0.9799674904	0.9744327261
796	0.07536280766	0.9802206915	0.974752317
797	0.07530715756	0.9802206915	0.974752317
798	0.07522904384	0.9799693941	0.9744327261
799	0.07508830563	0.9799693941	0.9744327261
800	0.07502314657	0.9799693941	0.9744327261
801	0.07491215669	0.9804834802	0.975071908
802	0.07482622227	0.9804834802	0.975071908
803	0.07479831081	0.9804834802	0.975071908
804	0.07474264401	0.9804834802	0.975071908
805	0.0746597888	0.9804834802	0.975071908
806	0.07454421646	0.9804834802	0.975071908
807	0.07451441772	0.9804834802	0.975071908
808	0.07435132069	0.9809559717	0.9757110898
809	0.07428608352	0.9809559717	0.9757110898
810	0.07424995676	0.9809559717	0.9757110898
811	0.07409016918	0.9814357007	0.9763502717
812	0.07402102308	0.9814357007	0.9763502717
813	0.0739116875	0.9814357007	0.9763502717
814	0.0738273584	0.9814357007	0.9763502717
815	0.07372807354	0.9814357007	0.9763502717
816	0.0736455109	0.9812082897	0.9760306807
817	0.07359873768	0.9812082897	0.9760306807
818	0.0735231709	0.9814357007	0.9763502717
819	0.07343682537	0.9817158705	0.9766698626
820	0.07335093046	0.9819690717	0.9769894535
821	0.07325637267	0.9819690717	0.9769894535
822	0.07319011861	0.9819690717	0.9769894535
823	0.07307346791	0.9817416606	0.9766698626
824	0.07295582045	0.9820476099	0.9769894535
825	0.07286760989	0.9817704147	0.9766698626
826	0.07282327982	0.9819978258	0.9769894535
827	0.07270261624	0.9819978258	0.9769894535
828	0.0726450782	0.9817704147	0.9766698626
829	0.07254488558	0.9817704147	0.9766698626
830	0.07246289841	0.9817704147	0.9766698626
831	0.07242502736	0.9817704147	0.9766698626
832	0.07231145163	0.9815980451	0.9766698626
833	0.07220315609	0.9819978258	0.9769894535
834	0.07214998976	0.9815980451	0.9766698626
835	0.07207264731	0.9820691187	0.9773090444
836	0.071967483	0.9820691187	0.9773090444
837	0.07177913784	0.9827266864	0.9779482263
838	0.07173525799	0.9827266864	0.9779482263
839	0.07168081061	0.9827266864	0.9779482263
840	0.07158253754	0.9827266864	0.9779482263
841	0.07155092297	0.9827266864	0.9779482263
842	0.07148361856	0.9827266864	0.9779482263
843	0.07143329365	0.9824976393	0.9776286353
844	0.07124881137	0.9827778091	0.9779482263
845	0.07114808929	0.9827778091	0.9779482263
846	0.07105373743	0.9830245454	0.9782678172
847	0.07101423557	0.9830245454	0.9782678172
848	0.07090500691	0.9832665718	0.9785874081
849	0.07076192935	0.9827667583	0.9779482263
850	0.0706621002	0.9827667583	0.9779482263
851	0.07058625042	0.9830245454	0.9782678172
852	0.07048485555	0.9830245454	0.9782678172
853	0.07041241742	0.9830245454	0.9782678172
854	0.07029877095	0.9830245454	0.9782678172
855	0.0701293199	0.9830245454	0.9782678172
856	0.07004343515	0.9830245454	0.9782678172
857	0.06997715478	0.9830245454	0.9782678172
858	0.06984131749	0.9838004541	0.97922659
859	0.06975746073	0.9838004541	0.97922659
860	0.06961919697	0.9835584277	0.978906999
861	0.06958651913	0.9835584277	0.978906999
862	0.06948538899	0.9835730431	0.978906999
863	0.06941086735	0.9838004541	0.97922659
864	0.06924007213	0.9835202844	0.978906999
865	0.06913002296	0.9841574794	0.9795461809
866	0.06909921513	0.9836498985	0.978906999
867	0.06900271215	0.9837069705	0.978906999
868	0.06897470033	0.9837069705	0.978906999
869	0.0689368872	0.9837069705	0.978906999
870	0.06884210324	0.9837069705	0.978906999
871	0.06873266108	0.9839343815	0.97922659
872	0.06858705352	0.9839343815	0.97922659
873	0.06851995254	0.9839343815	0.97922659
874	0.06844573494	0.9839343815	0.97922659
875	0.06822626833	0.9841738448	0.9795461809
876	0.06818644933	0.9841738448	0.9795461809
877	0.06814610517	0.9841738448	0.9795461809
878	0.06804451932	0.9841738448	0.9795461809
879	0.06793004237	0.9841738448	0.9795461809
880	0.06784465646	0.9839348816	0.97922659
881	0.06768661834	0.9839348816	0.97922659
882	0.06761429406	0.9841743449	0.9795461809
883	0.06759844953	0.9841743449	0.9795461809
884	0.06754367233	0.9841743449	0.9795461809
885	0.06744586018	0.9841743449	0.9795461809
886	0.06741263136	0.9841743449	0.9795461809
887	0.06739780374	0.9841743449	0.9795461809
888	0.06728579762	0.983703544	0.978906999
889	0.06716061995	0.9841714595	0.9795461809
890	0.06700171388	0.9836513264	0.978906999
891	0.06694362668	0.9836513264	0.978906999
892	0.06672535924	0.9841709594	0.9795461809
893	0.06662513167	0.9841709594	0.9795461809
894	0.06647342677	0.9839419123	0.97922659
895	0.06638985236	0.9842410844	0.9795461809
896	0.06630635548	0.9842410844	0.9795461809
897	0.06629464165	0.9842410844	0.9795461809
898	0.06619246833	0.9842410844	0.9795461809
899	0.06612159801	0.9842410844	0.9795461809
900	0.06606386774	0.9842410844	0.9795461809
901	0.0659919416	0.983999058	0.97922659
902	0.06585335754	0.983999058	0.97922659
903	0.06568307044	0.984226469	0.9795461809
904	0.06561298271	0.984226469	0.9795461809
905	0.06552311628	0.984226469	0.9795461809
906	0.06548029086	0.984226469	0.9795461809
907	0.06541135088	0.9844555161	0.9798657718
908	0.06530038187	0.9844555161	0.9798657718
909	0.06528327794	0.9844555161	0.9798657718
910	0.06521627112	0.984226469	0.9795461809
911	0.06517151171	0.984226469	0.9795461809
912	0.06513853202	0.984226469	0.9795461809
913	0.06509726657	0.984226469	0.9795461809
914	0.06500326125	0.9845019254	0.9798657718
915	0.06487859472	0.9842624621	0.9795461809
916	0.06473128325	0.9844915092	0.9798657718
917	0.06461142684	0.9844937997	0.9798657718
918	0.06459941886	0.9844937997	0.9798657718
919	0.06456917826	0.9844937997	0.9798657718
920	0.06447660806	0.9844937997	0.9798657718
921	0.06437776876	0.9844937997	0.9798657718
922	0.06424657274	0.9844937997	0.9798657718
923	0.06417226423	0.9844937997	0.9798657718
924	0.06401899565	0.9850035166	0.9805049537
925	0.06391627675	0.984772179	0.9801853627
926	0.06382877129	0.984772179	0.9801853627
927	0.0637634175	0.984772179	0.9801853627
928	0.06364082449	0.9849933731	0.9805049537
929	0.06354254644	0.984772179	0.9801853627
930	0.06349883839	0.984772179	0.9801853627
931	0.06347548488	0.984772179	0.9801853627
932	0.0634331484	0.984772179	0.9801853627
933	0.06329977662	0.984772179	0.9801853627
934	0.06327209729	0.984772179	0.9801853627
935	0.06315058617	0.9850028622	0.9805049537
936	0.06308213713	0.98522596	0.9808245446
937	0.0630505305	0.98522596	0.9808245446
938	0.06299111872	0.98522596	0.9808245446
939	0.06288970411	0.98522596	0.9808245446
940	0.0628287029	0.98522596	0.9808245446
941	0.06270171906	0.98522596	0.9808245446
942	0.06263371119	0.9849952769	0.9805049537
943	0.06255394909	0.9852394847	0.9808245446
944	0.06242775343	0.9857073407	0.9814637264
945	0.06233431099	0.9857073407	0.9814637264
946	0.06229240003	0.9857073407	0.9814637264
947	0.06226668651	0.9857073407	0.9814637264
948	0.06219989988	0.9857073407	0.9814637264
949	0.06208213133	0.9859386783	0.9817833174
950	0.06202212599	0.9863789246	0.9824224992
951	0.06188786869	0.9861508592	0.9821029083
952	0.06182280455	0.9863789246	0.9824224992
953	0.06174375894	0.9861508592	0.9821029083
954	0.06169653745	0.9861508592	0.9821029083
955	0.06162775985	0.9861508592	0.9821029083
956	0.06155425812	0.9861508592	0.9821029083
957	0.06148055928	0.9861508592	0.9821029083
958	0.06138439635	0.9861637988	0.9821029083
959	0.06124198157	0.986196738	0.9821029083
960	0.06117534787	0.9866694476	0.9827420901
961	0.06111913258	0.9864058253	0.9824224992
962	0.06098987648	0.9868906416	0.983061681
963	0.06096532154	0.9868906416	0.983061681
964	0.06079474074	0.9868994218	0.983061681
965	0.06068163296	0.9866680842	0.9827420901
966	0.06065926247	0.9866680842	0.9827420901
967	0.06059482361	0.9869102742	0.983061681
968	0.06052776552	0.9869102742	0.983061681
969	0.0604323865	0.9871416118	0.983381272
970	0.06037217901	0.9871416118	0.983381272
971	0.06027953844	0.9869102742	0.983061681
972	0.06025464616	0.9869102742	0.983061681
973	0.06016581775	0.9869197633	0.983061681
974	0.06014443552	0.9866890802	0.9827420901
975	0.06006748564	0.9866890802	0.9827420901
976	0.05996975552	0.9866890802	0.9827420901
977	0.05980217815	0.9874402782	0.9837008629
978	0.05974082107	0.9871766559	0.983381272
979	0.05967427768	0.9876580217	0.9840204538
980	0.05951302442	0.9876155934	0.9840204538
981	0.05948361221	0.9873943994	0.9837008629
982	0.05928917557	0.9873978499	0.9837008629
983	0.05926400272	0.9873978499	0.9837008629
984	0.05919242928	0.9873978499	0.9837008629
985	0.05907681403	0.9878476152	0.9843400447
986	0.05898474589	0.9876351071	0.9840204538
987	0.05887945756	0.9871608953	0.983381272
988	0.05883455423	0.9873786387	0.9837008629
989	0.05878414915	0.9873786387	0.9837008629
990	0.05867884052	0.9875998328	0.9840204538
991	0.05862441657	0.9875998328	0.9840204538
992	0.05855585189	0.9875998328	0.9840204538
993	0.05850221448	0.9875998328	0.9840204538
994	0.05830946223	0.9878754627	0.9843400447
995	0.05827549692	0.9881074845	0.9846596357
996	0.05822692189	0.9878754627	0.9843400447
997	0.05817832114	0.9875998328	0.9840204538
998	0.05808140518	0.9875998328	0.9840204538
999	0.05800836317	0.9875998328	0.9840204538
