"날짜","종가","시가","고가","저가","거래량","변동 %"
"2023- 08- 21","81.61","81.02","81.92","81.00","","0.72%"
"2023- 08- 20","81.03","81.11","81.11","80.88","","-0.20%"
"2023- 08- 18","81.19","80.05","81.43","79.50","","1.41%"
"2023- 08- 17","80.06","79.25","81.08","79.08","","1.02%"
"2023- 08- 16","79.25","81.11","81.47","79.19","","-2.26%"
"2023- 08- 15","81.08","82.42","82.92","80.44","","-1.59%"
"2023- 08- 14","82.39","82.92","83.19","81.80","","-0.64%"
"2023- 08- 13","82.92","83.11","83.11","82.77","","-0.22%"
"2023- 08- 11","83.10","82.89","83.83","82.25","","0.22%"
"2023- 08- 10","82.92","84.25","84.92","82.66","","-1.60%"
"2023- 08- 09","84.27","82.77","84.67","82.70","","1.80%"
"2023- 08- 08","82.78","82.42","83.09","79.97","","0.41%"
"2023- 08- 07","82.44","82.97","83.28","81.59","","-0.67%"
"2023- 08- 06","83.00","82.91","83.33","82.81","","0.41%"
"2023- 08- 04","82.66","81.82","83.27","81.57","","1.01%"
"2023- 08- 03","81.83","79.81","81.90","78.75","","2.54%"
"2023- 08- 02","79.80","82.30","82.47","79.11","","-3.04%"
"2023- 08- 01","82.30","81.67","82.47","80.68","","0.73%"
"2023- 07- 31","81.70","80.47","82.05","80.19","","1.55%"
"2023- 07- 30","80.45","80.58","80.69","80.45","","-0.35%"
"2023- 07- 28","80.73","79.67","80.75","79.14","","1.31%"
"2023- 07- 27","79.69","79.06","80.67","79.02","","0.77%"
"2023- 07- 26","79.08","79.39","79.82","78.63","","-0.35%"
"2023- 07- 25","79.36","78.92","79.96","78.36","","0.53%"
"2023- 07- 24","78.94","76.64","79.33","76.52","","2.97%"
"2023- 07- 23","76.66","77.05","77.05","76.64","","-0.27%"
"2023- 07- 21","76.87","75.89","77.36","75.78","","1.26%"
"2023- 07- 20","75.91","75.25","76.22","74.59","","0.88%"
"2023- 07- 19","75.25","75.80","76.94","75.10","","-0.74%"
"2023- 07- 18","75.81","74.20","75.97","73.92","","2.14%"
"2023- 07- 17","74.22","74.89","76.05","73.86","","-0.91%"
"2023- 07- 16","74.90","75.00","75.12","74.61","","-0.49%"
"2023- 07- 14","75.27","77.16","77.20","75.15","","-2.44%"
"2023- 07- 13","77.15","75.78","77.24","75.31","","1.78%"
"2023- 07- 12","75.80","74.72","76.03","74.64","","1.40%"
"2023- 07- 11","74.75","73.11","74.90","72.94","","2.29%"
"2023- 07- 10","73.08","73.53","74.09","72.72","","-0.60%"
"2023- 07- 09","73.52","73.78","73.78","73.41","","-0.15%"
"2023- 07- 07","73.63","71.78","73.84","71.14","","2.58%"
"2023- 07- 06","71.78","71.86","72.28","70.17","","-0.14%"
"2023- 07- 05","71.88","71.02","72.10","70.30","","1.24%"
"2023- 07- 04","71.00","70.00","71.27","69.83","","1.40%"
"2023- 07- 03","70.02","70.33","71.69","69.64","","-0.45%"
"2023- 07- 02","70.34","70.33","70.36","70.20","","-0.04%"
"2023- 06- 30","70.37","69.67","70.94","69.48","","1.02%"
"2023- 06- 29","69.66","69.23","70.50","68.87","","0.64%"
"2023- 06- 28","69.22","67.86","69.64","66.97","","2.03%"
"2023- 06- 27","67.84","69.39","70.05","67.41","","-2.21%"
"2023- 06- 26","69.37","69.86","69.94","68.62","","-0.67%"
"2023- 06- 25","69.84","69.53","69.97","69.36","","0.62%"
"2023- 06- 23","69.41","69.20","69.49","67.25","","0.27%"
"2023- 06- 22","69.22","72.34","72.53","68.83","","-4.37%"
"2023- 06- 21","72.38","70.80","72.58","70.75","","2.22%"
"2023- 06- 20","70.81","71.23","72.25","69.65","","-0.53%"
"2023- 06- 19","71.19","71.33","72.12","70.69","","-0.21%"
"2023- 06- 18","71.34","71.53","71.58","71.28","","-0.21%"
"2023- 06- 16","71.49","70.67","71.88","70.05","","1.17%"
"2023- 06- 15","70.66","68.53","71.01","68.03","","3.06%"
"2023- 06- 14","68.56","69.22","70.50","68.12","","-0.92%"
"2023- 06- 13","69.20","67.44","69.83","67.17","","2.64%"
"2023- 06- 12","67.42","69.97","69.98","66.81","","-3.69%"
"2023- 06- 11","70.00","70.19","70.25","69.86","","-0.48%"
"2023- 06- 09","70.34","70.86","71.78","70.13","","-0.73%"
"2023- 06- 08","70.86","72.41","73.30","69.09","","-2.18%"
"2023- 06- 07","72.44","71.72","73.18","71.03","","0.93%"
"2023- 06- 06","71.77","71.98","72.34","70.14","","-0.28%"
"2023- 06- 05","71.97","73.39","73.86","71.75","","-1.93%"
"2023- 06- 04","73.39","73.78","74.34","73.30","","2.02%"
"2023- 06- 02","71.94","70.11","72.19","70.03","","2.61%"
"2023- 06- 01","70.11","67.75","71.08","67.55","","3.48%"
"2023- 05- 31","67.75","69.54","69.70","67.06","","-2.62%"
"2023- 05- 30","69.57","72.92","73.39","69.05","","-4.55%"
"2023- 05- 29","72.89","73.25","73.56","72.08","","-0.46%"
"2023- 05- 28","73.23","73.19","73.47","73.09","","0.43%"
"2023- 05- 26","72.92","71.86","73.08","71.53","","1.45%"
"2023- 05- 25","71.88","74.28","74.40","71.06","","-3.19%"
"2023- 05- 24","74.25","73.89","74.76","73.17","","0.50%"
"2023- 05- 23","73.88","72.33","74.02","71.75","","2.10%"
"2023- 05- 22","72.36","71.91","72.56","70.72","","0.70%"
"2023- 05- 21","71.86","71.92","71.98","71.72","","-0.10%"
"2023- 05- 19","71.93","72.14","73.56","71.22","","-0.29%"
"2023- 05- 18","72.14","72.78","73.00","71.59","","-0.87%"
"2023- 05- 17","72.77","70.62","73.33","70.11","","2.97%"
"2023- 05- 16","70.67","71.42","71.80","70.49","","-1.05%"
"2023- 05- 15","71.42","70.06","71.69","69.42","","1.94%"
"2023- 05- 14","70.06","70.08","70.20","69.97","","-0.07%"
"2023- 05- 12","70.11","71.33","71.77","69.96","","-1.75%"
"2023- 05- 11","71.36","72.88","73.52","70.66","","-2.10%"
"2023- 05- 10","72.89","73.62","73.89","71.83","","-0.98%"
"2023- 05- 09","73.61","73.00","73.79","71.39","","0.84%"
"2023- 05- 08","73.00","71.39","73.71","71.06","","2.18%"
"2023- 05- 07","71.44","71.38","71.92","71.38","","0.06%"
"2023- 05- 05","71.40","68.75","71.82","68.52","","3.82%"
"2023- 05- 04","68.77","67.56","69.83","67.54","","2.26%"
"2023- 05- 03","67.25","71.62","71.81","64.00","","-6.13%"
"2023- 05- 02","71.64","75.61","76.14","71.46","","-5.26%"
"2023- 05- 01","75.62","76.17","76.31","74.58","","-0.66%"
"2023- 04- 30","76.12","76.67","76.72","76.09","","-0.76%"
"2023- 04- 28","76.70","74.84","76.95","73.98","","2.50%"
"2023- 04- 27","74.83","74.44","75.31","74.08","","0.51%"
"2023- 04- 26","74.45","77.38","77.97","74.09","","-3.72%"
"2023- 04- 25","77.33","78.70","79.11","76.57","","-1.70%"
"2023- 04- 24","78.67","77.77","79.21","76.77","","1.14%"
"2023- 04- 23","77.78","77.95","77.95","77.67","","-0.26%"
"2023- 04- 21","77.98","77.17","78.42","76.78","","1.05%"
"2023- 04- 20","77.17","78.98","79.06","77.03","","-2.24%"
"2023- 04- 19","78.94","81.00","81.30","78.61","","-2.58%"
"2023- 04- 18","81.03","80.91","81.58","79.98","","0.17%"
"2023- 04- 17","80.89","82.53","82.67","80.53","","-2.01%"
"2023- 04- 16","82.55","82.55","82.67","82.39","","-0.12%"
"2023- 04- 14","82.65","82.20","83.05","81.73","","0.52%"
"2023- 04- 13","82.22","83.03","83.37","82.06","","-0.99%"
"2023- 04- 12","83.04","81.42","83.47","81.23","","2.00%"
"2023- 04- 11","81.41","79.78","81.53","79.33","","2.02%"
"2023- 04- 10","79.80","80.77","81.05","79.55","","-1.18%"
"2023- 04- 09","80.75","80.58","81.14","80.58","","0.49%"
"2023- 04- 06","80.36","80.44","80.86","79.56","","-0.10%"
"2023- 04- 05","80.44","80.84","81.14","79.64","","-0.52%"
"2023- 04- 04","80.86","80.34","81.67","79.52","","0.62%"
"2023- 04- 03","80.36","80.42","80.83","78.89","","-0.04%"
"2023- 04- 02","80.39","80.67","81.56","79.92","","6.38%"
"2023- 03- 31","75.57","74.25","75.58","73.67","","1.78%"
"2023- 03- 30","74.25","72.78","74.47","72.50","","2.03%"
"2023- 03- 29","72.77","73.62","74.22","72.65","","-1.14%"
"2023- 03- 28","73.61","72.89","73.79","72.08","","1.00%"
"2023- 03- 27","72.88","69.53","72.95","69.00","","4.79%"
"2023- 03- 26","69.55","69.42","69.78","69.42","","0.65%"
"2023- 03- 24","69.10","69.38","70.22","66.69","","-0.42%"
"2023- 03- 23","69.39","69.89","71.50","69.03","","-0.76%"
"2023- 03- 22","69.92","69.31","71.14","68.73","","0.88%"
"2023- 03- 21","69.31","67.48","69.58","66.75","","2.73%"
"2023- 03- 20","67.47","66.11","67.72","65.69","","1.67%"
"2023- 03- 17","66.36","68.28","69.25","66.36","","-2.85%"
"2023- 03- 16","68.31","68.16","69.31","65.75","","0.22%"
"2023- 03- 15","68.16","71.75","72.50","65.66","","-5.03%"
"2023- 03- 14","71.77","74.52","74.84","70.75","","-3.70%"
"2023- 03- 13","74.53","77.03","77.17","72.28","","-3.25%"
"2023- 03- 12","77.03","76.30","77.41","76.14","","0.60%"
"2023- 03- 10","76.57","75.36","77.03","74.70","","1.58%"
"2023- 03- 09","75.38","76.47","77.96","75.28","","-1.44%"
"2023- 03- 08","76.48","77.17","77.64","76.03","","-0.88%"
"2023- 03- 07","77.16","80.39","80.83","76.97","","-4.05%"
"2023- 03- 06","80.42","79.30","80.52","78.23","","1.44%"
"2023- 03- 05","79.28","79.59","79.64","79.23","","-0.59%"
"2023- 03- 03","79.75","77.83","79.77","75.73","","2.49%"
"2023- 03- 02","77.81","77.50","78.46","77.11","","0.37%"
"2023- 03- 01","77.52","76.53","77.69","76.00","","1.29%"
"2023- 02- 28","76.53","75.61","77.67","75.42","","1.23%"
"2023- 02- 27","75.60","76.48","76.66","74.86","","-1.18%"
"2023- 02- 26","76.50","76.30","76.61","76.30","","0.25%"
"2023- 02- 24","76.31","75.47","76.45","73.95","","1.11%"
"2023- 02- 23","75.47","73.78","75.81","73.72","","2.26%"
"2023- 02- 22","73.80","76.03","76.38","73.64","","-2.96%"
"2023- 02- 21","76.05","77.11","77.44","75.73","","-1.37%"
"2023- 02- 20","77.11","76.50","77.55","76.14","","0.82%"
"2023- 02- 19","76.48","76.52","76.64","76.34","","0.22%"
"2023- 02- 17","76.31","77.83","78.28","75.12","","-1.97%"
"2023- 02- 16","77.84","78.56","79.53","77.78","","-0.90%"
"2023- 02- 15","78.55","78.78","79.14","77.27","","-0.30%"
"2023- 02- 14","78.79","79.17","79.58","77.44","","-0.51%"
"2023- 02- 13","79.19","79.30","80.56","78.41","","-0.15%"
"2023- 02- 12","79.31","79.81","79.94","79.19","","-0.46%"
"2023- 02- 10","79.68","77.61","80.25","77.42","","2.67%"
"2023- 02- 09","77.61","78.42","78.75","76.47","","-1.03%"
"2023- 02- 08","78.42","77.44","78.49","77.05","","1.25%"
"2023- 02- 07","77.45","74.42","77.54","74.28","","4.04%"
"2023- 02- 06","74.44","73.39","74.53","72.18","","1.43%"
"2023- 02- 05","73.39","73.16","73.59","73.14","","0.40%"
"2023- 02- 03","73.10","75.88","77.89","73.02","","-3.64%"
"2023- 02- 02","75.86","76.69","77.14","74.87","","-1.10%"
"2023- 02- 01","76.70","79.00","79.61","75.94","","-2.95%"
"2023- 01- 31","79.03","77.83","79.12","76.44","","1.54%"
"2023- 01- 30","77.83","80.22","80.31","77.55","","-2.96%"
"2023- 01- 29","80.20","79.91","80.36","79.75","","1.17%"
"2023- 01- 27","79.27","80.98","82.33","78.92","","-2.14%"
"2023- 01- 26","81.00","80.39","81.97","79.78","","0.80%"
"2023- 01- 25","80.36","80.01","81.04","79.31","","0.42%"
"2023- 01- 24","80.02","81.45","82.06","79.50","","-1.74%"
"2023- 01- 23","81.44","81.08","82.44","80.91","","0.47%"
"2023- 01- 22","81.06","81.61","81.72","81.00","","-0.58%"
"2023- 01- 20","81.53","80.81","81.71","79.75","","0.87%"
"2023- 01- 19","80.83","79.23","81.29","78.28","","1.99%"
"2023- 01- 18","79.25","80.75","82.45","79.04","","-1.86%"
"2023- 01- 17","80.75","78.83","81.30","78.77","","2.42%"
"2023- 01- 16","78.84","79.83","79.98","78.62","","-1.25%"
"2023- 01- 15","79.84","80.25","80.25","79.83","","-0.34%"
"2023- 01- 13","80.11","78.38","80.14","78.00","","2.23%"
"2023- 01- 12","78.36","77.75","79.18","77.14","","0.81%"
"2023- 01- 11","77.73","74.61","77.84","74.33","","4.17%"
"2023- 01- 10","74.62","74.75","75.95","73.89","","-0.15%"
"2023- 01- 09","74.73","74.13","76.75","74.10","","0.80%"
"2023- 01- 08","74.14","73.67","74.18","73.67","","0.53%"
"2023- 01- 06","73.75","74.00","75.50","73.31","","-0.36%"
"2023- 01- 05","74.02","73.42","74.98","72.52","","0.82%"
"2023- 01- 04","73.42","77.15","77.44","72.82","","-4.82%"
"2023- 01- 03","77.14","80.53","81.55","76.70","","-4.21%"
"2023- 01- 02","80.53","80.59","80.62","80.25","","-0.02%"
"2022- 12- 30","80.55","78.69","80.66","77.81","","2.39%"
"2022- 12- 29","78.67","78.69","78.91","76.89","","0.00%"
"2022- 12- 28","78.67","79.83","79.95","77.40","","-1.47%"
"2022- 12- 27","79.84","81.06","81.26","79.27","","-1.51%"
"2022- 12- 26","81.06","80.08","81.14","80.08","","2.04%"
"2022- 12- 23","79.44","78.56","80.42","78.09","","1.12%"
"2022- 12- 22","78.56","78.58","79.98","77.14","","-0.04%"
"2022- 12- 21","78.59","76.28","78.72","75.92","","3.04%"
"2022- 12- 20","76.27","75.98","77.04","74.58","","0.36%"
"2022- 12- 19","76.00","75.23","76.74","74.14","","1.04%"
"2022- 12- 18","75.22","74.58","75.25","74.50","","0.66%"
"2022- 12- 16","74.73","76.38","76.70","73.55","","-2.19%"
"2022- 12- 15","76.40","77.42","77.95","75.56","","-1.34%"
"2022- 12- 14","77.44","75.36","77.89","75.09","","2.76%"
"2022- 12- 13","75.36","73.59","76.53","73.39","","2.38%"
"2022- 12- 12","73.61","72.08","74.17","70.44","","2.12%"
"2022- 12- 11","72.08","71.97","72.51","71.83","","0.46%"
"2022- 12- 09","71.75","72.31","73.16","70.37","","-0.80%"
"2022- 12- 08","72.33","72.84","75.70","71.42","","-0.73%"
"2022- 12- 07","72.86","74.78","75.69","72.07","","-2.57%"
"2022- 12- 06","74.78","77.75","78.22","73.76","","-3.81%"
"2022- 12- 05","77.74","81.55","83.11","77.16","","-4.65%"
"2022- 12- 04","81.53","80.62","81.67","80.28","","0.95%"
"2022- 12- 02","80.76","81.78","82.67","80.12","","-1.27%"
"2022- 12- 01","81.80","81.03","83.83","80.42","","0.93%"
"2022- 11- 30","81.05","79.25","81.86","78.91","","2.28%"
"2022- 11- 29","79.24","77.03","80.09","76.81","","2.84%"
"2022- 11- 28","77.05","76.58","78.37","74.11","","0.60%"
"2022- 11- 27","76.59","76.94","77.02","76.38","","-0.73%"
"2022- 11- 25","77.15","78.58","80.52","76.83","","-1.79%"
"2022- 11- 24","78.56","78.16","78.83","77.53","","0.54%"
"2022- 11- 23","78.14","82.00","82.64","77.50","","-4.71%"
"2022- 11- 22","82.00","81.03","83.08","80.56","","1.16%"
"2022- 11- 21","81.06","80.92","81.19","75.97","","0.17%"
"2022- 11- 20","80.92","80.99","81.17","80.89","","-0.17%"
"2022- 11- 18","81.06","83.02","83.25","78.39","","-1.99%"
"2022- 11- 17","82.71","85.66","85.72","82.03","","-3.35%"
"2022- 11- 16","85.58","87.56","87.81","84.58","","-2.25%"
"2022- 11- 15","87.55","85.58","88.97","84.47","","2.31%"
"2022- 11- 14","85.57","89.98","90.11","85.47","","-4.92%"
"2022- 11- 13","90.00","89.20","90.06","89.02","","0.86%"
"2022- 11- 11","89.23","86.72","90.46","86.69","","2.93%"
"2022- 11- 10","86.69","86.17","87.70","85.11","","0.58%"
"2022- 11- 09","86.19","89.48","89.53","85.92","","-3.70%"
"2022- 11- 08","89.50","92.39","92.64","88.86","","-3.13%"
"2022- 11- 07","92.39","91.19","94.27","91.17","","1.32%"
"2022- 11- 06","91.19","91.53","91.55","90.97","","-2.16%"
"2022- 11- 04","93.20","88.61","93.46","88.44","","5.17%"
"2022- 11- 03","88.62","89.59","90.30","88.24","","-1.10%"
"2022- 11- 02","89.61","89.34","91.00","88.44","","0.28%"
"2022- 11- 01","89.36","86.81","90.12","86.59","","2.85%"
"2022- 10- 31","86.88","89.11","89.28","86.01","","-2.50%"
"2022- 10- 30","89.11","89.14","89.22","88.92","","-0.10%"
"2022- 10- 28","89.20","89.42","89.56","87.92","","-0.25%"
"2022- 10- 27","89.42","89.06","90.67","88.22","","0.44%"
"2022- 10- 26","89.03","85.59","89.28","85.03","","3.86%"
"2022- 10- 25","85.72","85.73","86.92","83.94","","-0.06%"
"2022- 10- 24","85.77","86.31","86.78","83.56","","-0.59%"
"2022- 10- 23","86.28","86.08","86.56","86.03","","0.14%"
"2022- 10- 21","86.16","85.61","86.92","84.16","","0.63%"
"2022- 10- 20","85.62","85.84","88.22","85.21","","-0.28%"
"2022- 10- 19","85.86","84.11","86.11","82.78","","1.98%"
"2022- 10- 18","84.19","86.08","86.66","82.42","","-2.17%"
"2022- 10- 17","86.06","86.38","87.34","84.86","","-0.35%"
"2022- 10- 16","86.36","85.75","86.42","85.69","","0.64%"
"2022- 10- 14","85.81","89.08","89.81","85.48","","-3.74%"
"2022- 10- 13","89.14","87.36","89.80","85.71","","2.06%"
"2022- 10- 12","87.34","88.83","90.22","86.47","","-1.66%"
"2022- 10- 11","88.81","90.93","91.52","88.09","","-2.35%"
"2022- 10- 10","90.95","92.86","93.82","90.75","","-2.04%"
"2022- 10- 09","92.84","93.44","93.44","92.61","","-0.75%"
"2022- 10- 07","93.54","89.16","93.56","88.25","","4.97%"
"2022- 10- 06","89.11","88.28","89.50","87.31","","0.91%"
"2022- 10- 05","88.31","86.83","88.70","85.71","","1.69%"
"2022- 10- 04","86.84","83.67","87.27","83.66","","3.79%"
"2022- 10- 03","83.67","82.35","84.86","81.64","","1.59%"
"2022- 10- 02","82.36","81.39","82.44","81.39","","2.91%"
"2022- 09- 30","80.03","82.00","82.86","79.49","","-2.40%"
"2022- 09- 29","82.00","82.11","83.31","80.69","","-0.11%"
"2022- 09- 28","82.09","78.95","82.70","76.95","","4.10%"
"2022- 09- 27","78.86","77.06","79.79","76.98","","2.34%"
"2022- 09- 26","77.06","79.94","80.70","76.66","","-3.60%"
"2022- 09- 25","79.94","79.67","79.94","79.35","","0.26%"
"2022- 09- 23","79.73","83.94","84.39","78.57","","-5.18%"
"2022- 09- 22","84.09","83.44","86.47","82.91","","0.88%"
"2022- 09- 21","83.36","84.58","87.19","83.01","","-1.42%"
"2022- 09- 20","84.56","86.00","86.64","83.53","","-1.67%"
"2022- 09- 19","86.00","85.84","86.42","82.28","","0.20%"
"2022- 09- 18","85.83","85.41","85.94","85.36","","0.27%"
"2022- 09- 16","85.60","84.88","86.77","84.45","","0.90%"
"2022- 09- 15","84.84","89.28","89.29","84.56","","-4.93%"
"2022- 09- 14","89.24","87.81","90.29","86.39","","1.66%"
"2022- 09- 13","87.78","88.28","89.53","85.31","","-0.57%"
"2022- 09- 12","88.28","86.61","89.32","85.41","","1.96%"
"2022- 09- 11","86.58","86.47","86.94","86.44","","0.16%"
"2022- 09- 09","86.44","83.39","87.53","83.20","","3.76%"
"2022- 09- 08","83.31","82.44","84.61","81.56","","1.09%"
"2022- 09- 07","82.41","87.22","88.14","81.95","","-5.51%"
"2022- 09- 06","87.22","89.42","89.92","86.64","","-2.45%"
"2022- 09- 05","89.41","88.73","90.86","88.45","","0.78%"
"2022- 09- 04","88.72","87.39","88.75","87.39","","1.20%"
"2022- 09- 02","87.67","87.72","90.22","87.19","","-0.16%"
"2022- 09- 01","87.81","89.78","90.22","86.59","","-2.25%"
"2022- 08- 31","89.83","92.75","93.38","88.91","","-3.12%"
"2022- 08- 30","92.72","97.58","98.38","91.23","","-4.93%"
"2022- 08- 29","97.53","93.67","98.11","93.56","","4.12%"
"2022- 08- 28","93.67","93.69","94.05","93.03","","-0.17%"
"2022- 08- 26","93.83","93.81","94.83","91.88","","0.06%"
"2022- 08- 25","93.77","96.12","96.60","93.14","","-2.40%"
"2022- 08- 24","96.08","94.55","96.27","93.69","","1.61%"
"2022- 08- 23","94.56","91.69","95.11","91.42","","3.10%"
"2022- 08- 22","91.72","90.36","91.94","87.17","","1.48%"
"2022- 08- 21","90.38","90.52","90.52","90.08","","-0.28%"
"2022- 08- 19","90.63","91.31","92.69","88.94","","-0.82%"
"2022- 08- 18","91.38","88.30","92.06","88.08","","3.45%"
"2022- 08- 17","88.33","87.62","89.68","86.50","","0.82%"
"2022- 08- 16","87.61","88.64","91.14","86.42","","-1.38%"
"2022- 08- 15","88.84","92.17","92.55","87.39","","-3.60%"
"2022- 08- 14","92.16","92.39","92.66","92.14","","-0.54%"
"2022- 08- 12","92.66","94.81","95.59","91.95","","-2.24%"
"2022- 08- 11","94.78","92.39","95.92","92.09","","2.62%"
"2022- 08- 10","92.36","91.38","93.34","88.57","","1.06%"
"2022- 08- 09","91.39","91.44","93.61","90.03","","0.01%"
"2022- 08- 08","91.38","89.06","91.94","88.30","","2.55%"
"2022- 08- 07","89.11","89.46","89.58","88.89","","-0.65%"
"2022- 08- 05","89.69","89.27","92.01","88.25","","0.49%"
"2022- 08- 04","89.25","92.38","93.22","88.89","","-3.40%"
"2022- 08- 03","92.39","95.33","98.03","91.81","","-3.02%"
"2022- 08- 02","95.27","95.28","97.97","94.11","","0.02%"
"2022- 08- 01","95.25","99.48","100.08","94.01","","-4.38%"
"2022- 07- 31","99.61","100.12","100.25","99.26","","-0.44%"
"2022- 07- 29","100.05","99.31","103.84","98.28","","0.78%"
"2022- 07- 28","99.28","100.00","101.83","97.99","","-0.70%"
"2022- 07- 27","99.98","97.50","100.61","96.30","","2.52%"
"2022- 07- 26","97.52","98.32","101.14","96.89","","-0.80%"
"2022- 07- 25","98.31","97.03","99.09","95.14","","1.30%"
"2022- 07- 24","97.05","97.25","97.69","96.86","","-0.45%"
"2022- 07- 22","97.49","98.59","100.38","96.62","","-1.04%"
"2022- 07- 21","98.51","102.03","102.27","97.05","","-3.50%"
"2022- 07- 20","102.08","102.98","103.38","100.77","","-0.85%"
"2022- 07- 19","102.95","101.56","103.72","99.17","","1.26%"
"2022- 07- 18","101.67","96.86","102.40","95.50","","4.93%"
"2022- 07- 17","96.89","97.39","97.64","96.84","","-0.53%"
"2022- 07- 15","97.41","96.53","98.97","94.44","","0.88%"
"2022- 07- 14","96.56","96.32","97.44","91.02","","0.23%"
"2022- 07- 13","96.34","95.08","98.52","95.06","","1.47%"
"2022- 07- 12","94.94","103.88","104.03","94.19","","-8.54%"
"2022- 07- 11","103.81","105.19","105.78","101.64","","-1.28%"
"2022- 07- 10","105.16","105.47","105.47","104.48","","-0.60%"
"2022- 07- 08","105.80","103.86","106.21","102.47","","1.95%"
"2022- 07- 07","103.78","99.30","105.51","97.56","","4.56%"
"2022- 07- 06","99.25","102.44","103.25","96.18","","-2.96%"
"2022- 07- 05","102.28","111.61","112.72","98.56","","-8.41%"
"2022- 07- 04","111.67","109.52","112.11","108.58","","1.98%"
"2022- 07- 03","109.50","110.16","110.16","109.47","","-0.40%"
"2022- 07- 01","109.94","107.77","110.89","106.08","","2.03%"
"2022- 06- 30","107.75","111.41","112.11","106.70","","-3.27%"
"2022- 06- 29","111.39","113.64","115.83","110.96","","-1.98%"
"2022- 06- 28","113.64","112.14","114.07","111.46","","1.36%"
"2022- 06- 27","112.11","108.36","112.40","107.44","","3.49%"
"2022- 06- 26","108.33","109.12","109.14","107.69","","-0.76%"
"2022- 06- 24","109.16","106.42","110.67","105.67","","2.56%"
"2022- 06- 23","106.44","106.03","109.18","104.42","","0.44%"
"2022- 06- 22","105.97","111.44","111.55","103.69","","-4.93%"
"2022- 06- 21","111.47","111.28","113.56","111.26","","0.24%"
"2022- 06- 20","111.20","111.44","111.61","109.25","","-0.20%"
"2022- 06- 19","111.42","111.31","111.80","111.06","","0.00%"
"2022- 06- 17","111.42","117.39","119.44","109.06","","-5.08%"
"2022- 06- 16","117.38","117.08","118.62","113.26","","0.20%"
"2022- 06- 15","117.14","119.08","119.98","115.35","","-1.54%"
"2022- 06- 14","118.97","121.08","124.11","117.30","","-1.69%"
"2022- 06- 13","121.02","119.36","122.75","117.97","","1.41%"
"2022- 06- 12","119.34","120.61","120.61","119.20","","-1.44%"
"2022- 06- 10","121.08","121.98","123.41","119.04","","-0.75%"
"2022- 06- 09","122.00","122.92","123.47","121.57","","-0.70%"
"2022- 06- 08","122.86","120.20","123.97","120.14","","2.15%"
"2022- 06- 07","120.27","119.83","121.20","118.12","","0.37%"
"2022- 06- 06","119.83","121.17","121.41","118.53","","-1.12%"
"2022- 06- 05","121.19","121.75","121.81","121.17","","-0.20%"
"2022- 06- 03","121.43","118.47","121.53","116.30","","2.52%"
"2022- 06- 02","118.45","114.42","118.87","112.28","","3.70%"
"2022- 06- 01","114.22","116.23","119.03","114.16","","-1.70%"
"2022- 05- 31","116.20","118.81","121.22","115.36","","-2.21%"
"2022- 05- 30","118.83","116.86","119.02","116.66","","1.69%"
"2022- 05- 29","116.86","116.23","117.06","116.23","","0.35%"
"2022- 05- 27","116.45","115.42","116.70","114.30","","0.87%"
"2022- 05- 26","115.45","112.16","116.28","111.69","","2.96%"
"2022- 05- 25","112.13","111.94","113.14","110.69","","0.06%"
"2022- 05- 24","112.06","111.28","112.94","110.11","","0.75%"
"2022- 05- 23","111.23","111.86","113.48","110.73","","-0.59%"
"2022- 05- 22","111.89","111.62","112.01","111.08","","-0.13%"
"2022- 05- 20","112.04","110.89","112.77","109.83","","1.04%"
"2022- 05- 19","110.89","107.31","111.94","104.92","","3.30%"
"2022- 05- 18","107.35","112.72","114.25","106.92","","-4.86%"
"2022- 05- 17","112.83","113.72","115.11","110.84","","-0.74%"
"2022- 05- 16","113.67","111.42","114.44","108.16","","2.00%"
"2022- 05- 15","111.44","110.78","111.58","110.59","","1.03%"
"2022- 05- 13","110.30","107.42","110.83","106.52","","2.86%"
"2022- 05- 12","107.23","106.09","107.56","102.89","","1.19%"
"2022- 05- 11","105.97","99.28","106.67","98.89","","6.95%"
"2022- 05- 10","99.08","103.02","104.41","98.47","","-3.83%"
"2022- 05- 09","103.03","109.50","110.73","102.44","","-5.88%"
"2022- 05- 08","109.47","110.78","110.78","109.12","","-1.33%"
"2022- 05- 06","110.95","109.08","111.56","107.66","","1.71%"
"2022- 05- 05","109.09","108.56","111.75","106.91","","0.44%"
"2022- 05- 04","108.61","103.86","109.02","103.39","","4.57%"
"2022- 05- 03","103.86","105.61","106.25","102.55","","-1.74%"
"2022- 05- 02","105.70","105.14","106.38","100.75","","0.50%"
"2022- 05- 01","105.17","104.39","105.61","103.95","","0.37%"
"2022- 04- 29","104.78","105.61","108.53","104.33","","-0.74%"
"2022- 04- 28","105.56","102.42","106.25","100.70","","3.08%"
"2022- 04- 27","102.41","102.56","103.58","100.39","","-0.17%"
"2022- 04- 26","102.58","99.23","103.38","97.66","","3.41%"
"2022- 04- 25","99.20","101.17","101.47","95.90","","-1.94%"
"2022- 04- 24","101.16","102.00","102.01","100.77","","-1.23%"
"2022- 04- 22","102.42","104.36","104.92","101.79","","-1.84%"
"2022- 04- 21","104.34","103.05","106.16","102.78","","1.22%"
"2022- 04- 20","103.08","103.89","104.72","100.64","","-0.88%"
"2022- 04- 19","104.00","108.20","109.14","102.31","","-3.85%"
"2022- 04- 18","108.16","108.27","110.03","106.28","","-0.11%"
"2022- 04- 17","108.28","107.39","108.69","107.39","","1.28%"
"2022- 04- 14","106.91","104.14","107.93","102.64","","2.61%"
"2022- 04- 13","104.19","101.90","104.94","100.38","","2.24%"
"2022- 04- 12","101.91","95.78","102.42","95.36","","6.34%"
"2022- 04- 11","95.83","97.31","97.67","93.50","","-1.54%"
"2022- 04- 10","97.33","98.91","98.91","97.14","","-1.29%"
"2022- 04- 08","98.60","97.73","99.49","96.06","","0.93%"
"2022- 04- 07","97.69","97.89","99.61","94.62","","0.10%"
"2022- 04- 06","97.59","101.97","104.91","96.65","","-4.27%"
"2022- 04- 05","101.94","105.29","106.61","100.86","","-3.19%"
"2022- 04- 04","105.30","99.38","105.91","99.27","","5.95%"
"2022- 04- 03","99.39","100.00","100.28","99.08","","-1.17%"
"2022- 04- 01","100.57","102.20","102.61","98.97","","-1.59%"
"2022- 03- 31","102.19","108.95","109.12","100.98","","-6.14%"
"2022- 03- 30","108.88","107.66","110.16","105.94","","1.11%"
"2022- 03- 29","107.69","105.48","109.29","99.92","","2.10%"
"2022- 03- 28","105.47","112.33","112.64","104.39","","-6.09%"
"2022- 03- 27","112.31","113.75","113.75","111.73","","-1.82%"
"2022- 03- 25","114.39","113.84","115.93","110.50","","0.49%"
"2022- 03- 24","113.83","116.46","118.58","112.52","","-2.24%"
"2022- 03- 23","116.44","110.44","117.40","110.28","","5.29%"
"2022- 03- 22","110.59","113.89","115.38","109.05","","-3.16%"
"2022- 03- 21","114.20","106.69","114.44","106.69","","7.08%"
"2022- 03- 20","106.65","105.56","106.86","105.42","","1.12%"
"2022- 03- 18","105.47","103.94","106.77","103.03","","1.49%"
"2022- 03- 17","103.92","96.69","104.84","95.64","","7.48%"
"2022- 03- 16","96.69","96.31","100.03","94.72","","0.43%"
"2022- 03- 15","96.28","101.79","102.06","94.00","","-5.46%"
"2022- 03- 14","101.84","107.75","107.79","100.36","","-5.49%"
"2022- 03- 13","107.76","109.28","109.67","107.14","","-2.04%"
"2022- 03- 11","110.00","108.28","111.06","105.28","","1.55%"
"2022- 03- 10","108.32","111.61","115.73","106.38","","-2.93%"
"2022- 03- 09","111.59","126.48","127.91","104.95","","-11.77%"
"2022- 03- 08","126.47","122.08","130.61","118.31","","3.59%"
"2022- 03- 07","122.09","128.12","128.12","116.72","","-4.81%"
"2022- 03- 06","128.26","122.95","131.75","122.95","","10.22%"
"2022- 03- 04","116.37","110.55","117.34","108.53","","5.29%"
"2022- 03- 03","110.52","112.25","117.94","107.84","","-1.51%"
"2022- 03- 02","112.22","107.75","113.89","106.61","","4.13%"
"2022- 03- 01","107.77","97.28","108.70","97.28","","10.82%"
"2022- 02- 28","97.25","98.14","98.89","95.79","","-0.90%"
"2022- 02- 27","98.13","96.17","100.38","96.17","","5.05%"
"2022- 02- 25","93.41","96.27","97.17","91.53","","-2.98%"
"2022- 02- 24","96.28","94.34","102.19","93.00","","2.03%"
"2022- 02- 23","94.36","93.31","95.52","92.22","","1.16%"
"2022- 02- 22","93.28","94.31","96.62","92.69","","-1.09%"
"2022- 02- 21","94.31","93.31","95.64","90.75","","1.05%"
"2022- 02- 20","93.33","92.91","93.47","92.77","","0.88%"
"2022- 02- 18","92.52","91.78","92.91","89.25","","0.78%"
"2022- 02- 17","91.80","91.44","93.42","90.95","","0.42%"
"2022- 02- 16","91.42","92.56","95.08","90.14","","-1.22%"
"2022- 02- 15","92.55","94.98","95.33","90.83","","-2.55%"
"2022- 02- 14","94.97","94.53","95.98","92.30","","0.44%"
"2022- 02- 13","94.55","94.08","94.61","93.77","","0.40%"
"2022- 02- 11","94.17","90.17","94.89","89.42","","4.44%"
"2022- 02- 10","90.17","90.28","92.00","89.28","","-0.12%"
"2022- 02- 09","90.28","90.09","90.83","88.69","","0.22%"
"2022- 02- 08","90.08","91.69","91.92","88.81","","-1.76%"
"2022- 02- 07","91.69","92.12","93.03","91.05","","-0.49%"
"2022- 02- 06","92.14","92.11","92.42","91.67","","-0.21%"
"2022- 02- 04","92.33","90.50","93.53","90.45","","2.00%"
"2022- 02- 03","90.52","88.00","90.83","87.12","","2.84%"
"2022- 02- 02","88.02","88.72","90.11","87.50","","-0.80%"
"2022- 02- 01","88.73","88.81","89.27","87.00","","-0.08%"
"2022- 01- 31","88.80","88.20","88.84","86.81","","0.69%"
"2022- 01- 30","88.19","87.94","88.25","87.94","","0.46%"
"2022- 01- 28","87.79","87.83","89.31","86.93","","-0.08%"
"2022- 01- 27","87.86","87.84","89.05","86.70","","-0.03%"
"2022- 01- 26","87.89","85.84","88.46","85.50","","2.36%"
"2022- 01- 25","85.86","84.72","86.23","83.52","","1.37%"
"2022- 01- 24","84.70","86.39","86.64","82.44","","-1.96%"
"2022- 01- 23","86.39","85.52","86.42","85.30","","1.12%"
"2022- 01- 21","85.43","84.67","86.16","83.38","","0.90%"
"2022- 01- 20","84.67","85.61","87.71","84.59","","-1.06%"
"2022- 01- 19","85.58","86.75","87.42","85.56","","-1.35%"
"2022- 01- 18","86.75","84.33","86.94","84.22","","2.87%"
"2022- 01- 17","84.33","84.49","84.62","83.58","","-0.20%"
"2022- 01- 16","84.50","84.50","84.75","84.33","","0.18%"
"2022- 01- 14","84.35","82.02","84.49","81.78","","2.83%"
"2022- 01- 13","82.03","82.86","83.04","81.61","","-1.00%"
"2022- 01- 12","82.86","81.42","83.21","81.28","","1.77%"
"2022- 01- 11","81.42","78.72","81.72","78.50","","3.46%"
"2022- 01- 10","78.70","78.72","79.58","77.98","","0.00%"
"2022- 01- 09","78.70","79.03","79.23","78.50","","-0.47%"
"2022- 01- 07","79.07","79.67","80.64","78.72","","-0.78%"
"2022- 01- 06","79.69","77.38","80.43","76.92","","2.97%"
"2022- 01- 05","77.39","77.23","78.76","76.72","","0.18%"
"2022- 01- 04","77.25","76.19","77.84","75.92","","1.42%"
"2022- 01- 03","76.17","76.05","76.65","74.50","","0.18%"
"2022- 01- 02","76.03","75.83","76.12","75.83","","0.53%"
"2021- 12- 31","75.63","76.59","77.33","75.22","","-1.28%"
"2021- 12- 30","76.61","76.81","77.71","76.06","","-0.30%"
"2021- 12- 29","76.84","76.41","77.66","75.67","","0.55%"
"2021- 12- 28","76.42","76.11","77.22","75.83","","0.37%"
"2021- 12- 27","76.14","73.62","76.40","72.88","","3.44%"
"2021- 12- 26","73.61","73.69","73.77","73.39","","-0.61%"
"2021- 12- 23","74.06","73.42","74.31","72.64","","0.87%"
"2021- 12- 22","73.42","71.61","73.56","71.22","","2.53%"
"2021- 12- 21","71.61","69.58","71.91","68.92","","2.95%"
"2021- 12- 20","69.56","69.64","69.89","66.48","","-0.07%"
"2021- 12- 19","69.61","70.28","70.28","69.20","","-1.30%"
"2021- 12- 17","70.53","72.09","72.45","70.16","","-2.15%"
"2021- 12- 16","72.08","71.81","73.17","71.28","","0.35%"
"2021- 12- 15","71.83","70.55","71.94","69.64","","1.87%"
"2021- 12- 14","70.51","71.48","72.22","69.76","","-1.34%"
"2021- 12- 13","71.47","72.73","73.22","70.94","","-1.72%"
"2021- 12- 12","72.72","72.34","72.78","72.28","","0.62%"
"2021- 12- 10","72.27","70.86","72.63","70.66","","2.02%"
"2021- 12- 09","70.84","72.93","73.67","70.72","","-2.88%"
"2021- 12- 08","72.94","72.22","73.37","71.28","","1.00%"
"2021- 12- 07","72.22","70.14","73.41","70.06","","2.94%"
"2021- 12- 06","70.16","67.94","70.56","67.70","","3.25%"
"2021- 12- 05","67.95","67.25","68.05","67.25","","1.81%"
"2021- 12- 03","66.74","67.83","69.69","66.08","","-1.62%"
"2021- 12- 02","67.84","66.75","68.45","62.98","","1.60%"
"2021- 12- 01","66.77","67.48","70.03","65.38","","-1.04%"
"2021- 11- 30","67.47","71.44","71.78","64.98","","-5.53%"
"2021- 11- 29","71.42","72.02","73.56","69.52","","-0.81%"
"2021- 11- 28","72.00","70.16","72.31","70.16","","4.51%"
"2021- 11- 26","68.89","78.19","78.33","68.08","","-11.87%"
"2021- 11- 25","78.17","79.19","79.47","78.06","","-1.26%"
"2021- 11- 24","79.17","79.08","80.06","78.83","","0.11%"
"2021- 11- 23","79.08","77.25","79.74","76.14","","2.36%"
"2021- 11- 22","77.26","76.44","78.05","76.03","","1.10%"
"2021- 11- 21","76.42","76.64","76.64","75.66","","-0.27%"
"2021- 11- 19","76.63","79.30","80.34","76.09","","-3.38%"
"2021- 11- 18","79.31","78.55","79.83","77.47","","0.99%"
"2021- 11- 17","78.53","80.61","80.61","78.01","","-2.58%"
"2021- 11- 16","80.61","80.81","81.81","80.09","","-0.24%"
"2021- 11- 15","80.80","81.00","81.09","79.42","","-0.27%"
"2021- 11- 14","81.02","80.92","81.19","80.86","","0.27%"
"2021- 11- 12","80.80","81.50","81.73","79.94","","-0.86%"
"2021- 11- 11","81.50","81.72","82.47","80.39","","-0.27%"
"2021- 11- 10","81.72","84.84","84.91","81.00","","-3.67%"
"2021- 11- 09","84.83","82.25","85.14","82.00","","3.12%"
"2021- 11- 08","82.26","81.75","82.89","81.55","","0.60%"
"2021- 11- 07","81.77","81.36","81.97","81.36","","0.41%"
"2021- 11- 05","81.44","80.05","82.07","79.25","","1.74%"
"2021- 11- 04","80.05","80.67","83.70","78.57","","-0.76%"
"2021- 11- 03","80.66","83.26","83.31","80.02","","-3.15%"
"2021- 11- 02","83.28","84.22","84.77","82.89","","-1.13%"
"2021- 11- 01","84.23","83.36","85.25","83.17","","1.07%"
"2021- 10- 31","83.34","83.47","83.59","83.11","","-0.39%"
"2021- 10- 29","83.67","83.19","84.17","81.84","","0.61%"
"2021- 10- 28","83.16","82.66","83.66","81.11","","0.59%"
"2021- 10- 27","82.67","84.75","84.97","82.48","","-2.40%"
"2021- 10- 26","84.70","84.31","85.36","83.47","","0.46%"
"2021- 10- 25","84.31","84.58","85.92","83.89","","-0.32%"
"2021- 10- 24","84.58","84.53","84.78","84.28","","0.02%"
"2021- 10- 22","84.56","82.89","84.79","82.33","","2.03%"
"2021- 10- 21","82.88","84.20","84.53","81.38","","-1.63%"
"2021- 10- 20","84.25","83.16","84.36","81.39","","1.36%"
"2021- 10- 19","83.12","82.23","83.61","81.70","","1.06%"
"2021- 10- 18","82.25","83.03","83.83","81.85","","-0.90%"
"2021- 10- 17","83.00","82.64","83.17","82.64","","0.52%"
"2021- 10- 15","82.57","81.77","82.67","81.64","","0.97%"
"2021- 10- 14","81.78","80.83","81.91","80.48","","1.18%"
"2021- 10- 13","80.83","80.40","81.11","79.50","","0.56%"
"2021- 10- 12","80.38","80.50","81.69","79.56","","-0.12%"
"2021- 10- 11","80.48","79.77","82.25","79.72","","0.88%"
"2021- 10- 10","79.78","79.70","80.39","79.70","","0.13%"
"2021- 10- 08","79.68","78.92","80.22","78.75","","0.94%"
"2021- 10- 07","78.94","77.28","79.05","75.09","","2.11%"
"2021- 10- 06","77.31","79.14","79.91","76.96","","-2.29%"
"2021- 10- 05","79.12","77.70","79.61","77.61","","1.84%"
"2021- 10- 04","77.69","76.00","78.51","75.47","","2.26%"
"2021- 10- 03","75.97","76.12","76.27","75.88","","0.12%"
"2021- 10- 01","75.88","75.45","76.14","74.39","","0.58%"
"2021- 09- 30","75.44","74.83","76.24","73.33","","0.77%"
"2021- 09- 29","74.86","74.64","75.96","73.92","","0.29%"
"2021- 09- 28","74.64","75.59","76.86","74.44","","-1.24%"
"2021- 09- 27","75.58","75.02","75.94","74.78","","0.73%"
"2021- 09- 26","75.03","74.47","75.03","74.38","","1.12%"
"2021- 09- 24","74.20","73.52","74.48","73.03","","0.95%"
"2021- 09- 23","73.50","72.17","73.72","71.84","","1.81%"
"2021- 09- 22","72.19","70.95","72.53","70.88","","1.72%"
"2021- 09- 21","70.97","70.89","71.70","69.64","","0.11%"
"2021- 09- 20","70.89","71.76","71.89","69.97","","-1.20%"
"2021- 09- 19","71.75","72.03","72.16","71.61","","-0.47%"
"2021- 09- 17","72.09","72.61","72.73","71.31","","-0.72%"
"2021- 09- 16","72.61","72.56","73.00","71.59","","0.03%"
"2021- 09- 15","72.59","70.88","73.16","70.72","","2.47%"
"2021- 09- 14","70.84","70.67","71.25","70.04","","0.21%"
"2021- 09- 13","70.69","70.17","71.03","69.89","","0.74%"
"2021- 09- 12","70.17","69.69","70.22","69.58","","0.60%"
"2021- 09- 10","69.75","68.03","70.03","67.78","","2.53%"
"2021- 09- 09","68.03","69.31","69.97","67.67","","-1.88%"
"2021- 09- 08","69.33","68.55","69.84","68.44","","1.17%"
"2021- 09- 07","68.53","68.92","69.50","67.75","","-0.52%"
"2021- 09- 06","68.89","68.86","69.58","68.36","","0.04%"
"2021- 09- 05","68.86","69.27","69.36","68.83","","-0.56%"
"2021- 09- 03","69.25","69.88","70.64","69.23","","-0.87%"
"2021- 09- 02","69.86","68.33","70.75","67.98","","2.22%"
"2021- 09- 01","68.34","68.64","69.38","67.27","","-0.44%"
"2021- 08- 31","68.64","69.28","69.48","68.33","","-0.92%"
"2021- 08- 30","69.28","69.52","69.52","67.83","","-0.32%"
"2021- 08- 29","69.50","69.47","69.77","69.05","","0.89%"
"2021- 08- 27","68.89","68.00","69.22","67.69","","1.31%"
"2021- 08- 26","68.00","68.14","68.47","67.22","","-0.25%"
"2021- 08- 25","68.17","67.56","68.72","67.12","","0.83%"
"2021- 08- 24","67.61","65.72","67.99","65.61","","2.86%"
"2021- 08- 23","65.73","62.49","66.18","62.49","","5.15%"
"2021- 08- 22","62.51","62.03","62.63","61.98","","0.73%"
"2021- 08- 20","62.06","63.84","64.23","62.05","","-2.82%"
"2021- 08- 19","63.86","64.77","64.77","62.63","","-1.30%"
"2021- 08- 18","64.70","66.61","67.52","64.38","","-2.84%"
"2021- 08- 17","66.59","67.61","67.73","66.38","","-1.55%"
"2021- 08- 16","67.64","68.13","68.18","65.80","","-0.70%"
"2021- 08- 15","68.12","67.97","68.31","67.88","","0.03%"
"2021- 08- 13","68.10","68.92","69.29","67.88","","-1.18%"
"2021- 08- 12","68.91","69.42","69.70","68.56","","-0.69%"
"2021- 08- 11","69.39","68.58","69.52","66.77","","1.18%"
"2021- 08- 10","68.58","67.08","68.98","66.67","","2.28%"
"2021- 08- 09","67.05","67.27","67.34","65.26","","-0.37%"
"2021- 08- 08","67.30","67.94","67.95","66.81","","-1.06%"
"2021- 08- 06","68.02","69.17","70.31","67.95","","-1.66%"
"2021- 08- 05","69.17","68.25","69.49","67.76","","1.35%"
"2021- 08- 04","68.25","70.58","70.95","68.01","","-3.27%"
"2021- 08- 03","70.56","71.58","72.11","69.39","","-1.40%"
"2021- 08- 02","71.56","73.91","73.94","70.75","","-3.19%"
"2021- 08- 01","73.92","74.02","74.11","73.91","","-0.03%"
"2021- 07- 30","73.94","73.53","74.44","73.16","","0.57%"
"2021- 07- 29","73.52","72.62","73.89","72.48","","1.21%"
"2021- 07- 28","72.64","72.23","72.83","71.94","","0.58%"
"2021- 07- 27","72.22","72.31","72.56","71.33","","-0.15%"
"2021- 07- 26","72.33","72.39","72.55","70.83","","-0.17%"
"2021- 07- 23","72.45","72.00","72.46","71.69","","0.62%"
"2021- 07- 22","72.00","70.53","72.31","70.14","","2.08%"
"2021- 07- 21","70.53","67.06","70.80","66.78","","5.22%"
"2021- 07- 20","67.03","67.17","67.89","65.38","","-0.24%"
"2021- 07- 19","67.19","71.42","71.44","65.89","","-5.92%"
"2021- 07- 18","71.42","71.36","71.69","71.00","","-0.14%"
"2021- 07- 16","71.52","71.42","72.34","70.47","","0.11%"
"2021- 07- 15","71.44","72.88","73.00","71.38","","-1.95%"
"2021- 07- 14","72.86","75.11","75.53","72.34","","-3.01%"
"2021- 07- 13","75.12","74.34","75.59","73.78","","1.06%"
"2021- 07- 12","74.33","74.81","74.91","73.28","","-0.67%"
"2021- 07- 11","74.83","74.97","74.97","74.75","","0.07%"
"2021- 07- 09","74.78","73.36","74.92","72.89","","1.89%"
"2021- 07- 08","73.39","72.28","73.50","70.94","","1.54%"
"2021- 07- 07","72.28","73.75","75.06","71.27","","-2.02%"
"2021- 07- 06","73.77","76.45","77.17","73.15","","-3.49%"
"2021- 07- 05","76.44","75.34","76.59","74.97","","1.43%"
"2021- 07- 04","75.36","75.42","75.50","75.20","","0.09%"
"2021- 07- 02","75.29","75.25","75.81","74.68","","0.01%"
"2021- 07- 01","75.28","73.75","76.48","73.66","","2.05%"
"2021- 06- 30","73.77","73.72","74.39","73.09","","0.07%"
"2021- 06- 29","73.72","73.16","74.08","72.26","","0.75%"
"2021- 06- 28","73.17","74.45","74.75","72.92","","-1.71%"
"2021- 06- 27","74.44","74.33","74.47","74.29","","0.13%"
"2021- 06- 25","74.34","73.61","74.51","73.19","","1.02%"
"2021- 06- 24","73.59","73.51","73.94","72.67","","0.10%"
"2021- 06- 23","73.52","73.20","74.60","73.17","","0.45%"
"2021- 06- 22","73.19","73.39","73.83","72.83","","-0.30%"
"2021- 06- 21","73.41","71.81","73.64","71.16","","2.19%"
"2021- 06- 20","71.84","71.50","71.97","71.50","","0.63%"
"2021- 06- 18","71.39","70.88","72.16","70.16","","0.68%"
"2021- 06- 17","70.91","71.55","72.29","69.77","","-0.78%"
"2021- 06- 16","71.47","72.40","72.96","71.41","","-1.27%"
"2021- 06- 15","72.39","71.05","72.49","70.81","","1.91%"
"2021- 06- 14","71.03","70.94","71.76","70.72","","0.11%"
"2021- 06- 13","70.95","70.78","71.03","70.73","","0.23%"
"2021- 06- 11","70.79","70.14","71.22","69.67","","0.88%"
"2021- 06- 10","70.17","69.71","70.64","68.69","","0.67%"
"2021- 06- 09","69.70","70.03","70.61","69.45","","-0.43%"
"2021- 06- 08","70.00","69.11","70.26","68.47","","1.32%"
"2021- 06- 07","69.09","69.72","69.98","68.94","","-0.88%"
"2021- 06- 06","69.70","69.47","69.72","69.42","","0.45%"
"2021- 06- 04","69.39","68.77","69.75","68.33","","0.93%"
"2021- 06- 03","68.75","68.71","69.38","68.17","","0.04%"
"2021- 06- 02","68.72","67.87","68.98","67.77","","1.19%"
"2021- 06- 01","67.91","66.94","68.85","66.88","","1.45%"
"2021- 05- 31","66.94","66.56","67.39","66.39","","0.57%"
"2021- 05- 30","66.56","66.67","66.72","66.52","","-0.12%"
"2021- 05- 28","66.64","67.31","67.50","66.16","","-0.98%"
"2021- 05- 27","67.30","66.09","67.44","65.45","","1.80%"
"2021- 05- 26","66.11","65.92","66.41","65.23","","0.33%"
"2021- 05- 25","65.89","66.00","66.48","65.39","","-0.17%"
"2021- 05- 24","66.00","63.64","66.11","63.64","","3.74%"
"2021- 05- 23","63.62","63.77","63.78","63.62","","-0.34%"
"2021- 05- 21","63.84","62.08","64.04","61.55","","2.82%"
"2021- 05- 20","62.09","63.33","63.92","61.66","","-1.97%"
"2021- 05- 19","63.34","65.17","65.20","61.95","","-2.81%"
"2021- 05- 18","65.17","66.33","67.00","64.11","","-1.76%"
"2021- 05- 17","66.34","65.55","66.42","64.84","","1.24%"
"2021- 05- 16","65.53","65.53","65.69","65.42","","0.06%"
"2021- 05- 14","65.49","63.81","65.58","63.34","","2.62%"
"2021- 05- 13","63.82","65.72","65.78","63.09","","-2.85%"
"2021- 05- 12","65.69","65.53","66.59","64.95","","0.29%"
"2021- 05- 11","65.50","64.94","65.53","63.66","","0.85%"
"2021- 05- 10","64.95","65.44","65.72","63.93","","-0.75%"
"2021- 05- 09","65.44","65.36","65.53","65.16","","0.97%"
"2021- 05- 07","64.81","64.86","65.20","63.88","","-0.11%"
"2021- 05- 06","64.88","65.06","65.94","64.51","","-0.32%"
"2021- 05- 05","65.09","66.22","66.71","64.89","","-1.68%"
"2021- 05- 04","66.20","64.58","66.25","64.25","","2.46%"
"2021- 05- 03","64.61","63.70","64.69","62.89","","1.43%"
"2021- 05- 02","63.70","63.53","63.73","63.51","","0.41%"
"2021- 04- 30","63.44","64.72","64.81","63.05","","-2.02%"
"2021- 04- 29","64.75","63.78","65.40","63.73","","1.54%"
"2021- 04- 28","63.77","62.98","64.47","62.62","","1.30%"
"2021- 04- 27","62.95","61.99","63.24","61.88","","1.50%"
"2021- 04- 26","62.02","61.89","62.26","60.62","","0.23%"
"2021- 04- 25","61.88","62.08","62.20","61.87","","-0.16%"
"2021- 04- 23","61.98","61.77","62.37","61.20","","0.29%"
"2021- 04- 22","61.80","61.06","62.05","60.56","","1.18%"
"2021- 04- 21","61.08","62.30","62.49","60.81","","-1.93%"
"2021- 04- 20","62.28","63.53","64.30","61.47","","-2.00%"
"2021- 04- 19","63.55","62.80","63.62","62.62","","1.19%"
"2021- 04- 18","62.80","63.05","63.11","62.78","","-0.43%"
"2021- 04- 16","63.07","63.34","63.87","62.84","","-0.43%"
"2021- 04- 15","63.34","62.87","63.56","62.53","","0.73%"
"2021- 04- 14","62.88","60.51","63.43","60.38","","3.90%"
"2021- 04- 13","60.52","59.74","60.63","59.64","","1.27%"
"2021- 04- 12","59.76","59.55","60.74","58.73","","0.35%"
"2021- 04- 11","59.55","59.31","59.58","59.31","","0.39%"
"2021- 04- 09","59.32","59.73","59.91","59.11","","-0.69%"
"2021- 04- 08","59.73","59.61","59.91","58.82","","0.18%"
"2021- 04- 07","59.62","59.18","60.02","58.11","","0.76%"
"2021- 04- 06","59.17","58.86","60.87","58.61","","0.48%"
"2021- 04- 05","58.89","61.27","61.36","57.62","","-3.87%"
"2021- 04- 04","61.26","61.38","61.38","60.89","","0.02%"
"2021- 04- 01","61.25","59.55","61.71","58.87","","2.85%"
"2021- 03- 31","59.55","60.38","61.14","58.83","","-1.37%"
"2021- 03- 30","60.38","62.08","62.08","59.95","","-2.75%"
"2021- 03- 29","62.09","60.77","62.22","59.39","","2.26%"
"2021- 03- 28","60.72","60.82","60.83","60.38","","0.02%"
"2021- 03- 26","60.71","58.73","61.33","58.67","","3.35%"
"2021- 03- 25","58.74","60.56","60.80","57.43","","-3.05%"
"2021- 03- 24","60.59","57.55","61.30","57.41","","5.32%"
"2021- 03- 23","57.53","61.27","61.27","57.23","","-6.10%"
"2021- 03- 22","61.27","60.87","61.99","60.33","","0.64%"
"2021- 03- 21","60.88","60.98","61.20","60.84","","-0.94%"
"2021- 03- 19","61.46","59.74","61.76","58.92","","2.84%"
"2021- 03- 18","59.76","64.53","64.81","58.32","","-7.46%"
"2021- 03- 17","64.58","64.88","65.33","63.59","","-0.46%"
"2021- 03- 16","64.88","65.28","65.41","63.80","","-0.64%"
"2021- 03- 15","65.30","65.94","66.39","64.14","","-0.97%"
"2021- 03- 14","65.94","65.78","66.14","65.69","","0.61%"
"2021- 03- 12","65.54","65.89","66.20","65.39","","-0.53%"
"2021- 03- 11","65.89","64.67","66.17","64.53","","1.93%"
"2021- 03- 10","64.64","63.94","64.92","63.12","","1.13%"
"2021- 03- 09","63.92","64.86","65.95","63.64","","-1.45%"
"2021- 03- 08","64.86","67.11","67.94","64.56","","-3.37%"
"2021- 03- 07","67.12","66.72","67.80","66.72","","1.34%"
"2021- 03- 05","66.23","64.19","66.37","63.80","","3.18%"
"2021- 03- 04","64.19","60.73","64.81","60.52","","5.75%"
"2021- 03- 03","60.70","59.38","61.96","59.33","","2.21%"
"2021- 03- 02","59.39","60.23","61.17","59.22","","-1.39%"
"2021- 03- 01","60.23","62.47","62.88","59.97","","-3.55%"
"2021- 02- 28","62.45","61.84","62.48","61.84","","1.45%"
"2021- 02- 26","61.56","63.41","63.42","61.31","","-2.89%"
"2021- 02- 25","63.39","63.51","63.75","62.62","","-0.20%"
"2021- 02- 24","63.52","61.20","63.62","60.94","","3.79%"
"2021- 02- 23","61.20","61.59","62.95","60.63","","-0.58%"
"2021- 02- 22","61.56","59.61","62.16","59.38","","3.31%"
"2021- 02- 21","59.59","58.88","59.66","58.81","","0.97%"
"2021- 02- 19","59.02","59.71","60.28","58.59","","-1.14%"
"2021- 02- 18","59.70","61.77","62.24","59.63","","-3.35%"
"2021- 02- 17","61.77","59.98","61.77","59.42","","3.00%"
"2021- 02- 16","59.97","60.09","60.30","59.33","","-0.18%"
"2021- 02- 15","60.08","60.33","60.92","59.95","","-0.43%"
"2021- 02- 14","60.34","59.99","60.73","59.99","","1.11%"
"2021- 02- 12","59.68","57.91","59.79","57.38","","3.00%"
"2021- 02- 11","57.94","58.30","58.66","57.82","","-0.62%"
"2021- 02- 10","58.30","58.36","58.87","58.05","","-0.12%"
"2021- 02- 09","58.37","58.02","58.59","57.24","","0.60%"
"2021- 02- 08","58.02","57.35","58.10","57.28","","1.15%"
"2021- 02- 07","57.36","57.03","57.36","56.98","","0.56%"
"2021- 02- 05","57.04","56.48","57.23","56.45","","0.97%"
"2021- 02- 04","56.49","55.84","56.55","55.26","","1.13%"
"2021- 02- 03","55.86","54.92","56.25","54.77","","1.73%"
"2021- 02- 02","54.91","53.53","55.20","53.42","","2.54%"
"2021- 02- 01","53.55","51.91","53.67","51.84","","3.14%"
"2021- 01- 31","51.92","52.03","52.09","51.61","","-0.35%"
"2021- 01- 29","52.10","52.19","53.20","51.89","","-0.13%"
"2021- 01- 28","52.17","52.37","53.49","52.03","","-0.36%"
"2021- 01- 27","52.36","52.73","53.23","51.80","","-0.68%"
"2021- 01- 26","52.72","52.78","53.17","52.24","","-0.15%"
"2021- 01- 25","52.80","52.22","52.88","51.77","","1.09%"
"2021- 01- 24","52.23","52.02","52.28","52.01","","0.60%"
"2021- 01- 22","51.92","52.95","52.98","51.38","","-1.95%"
"2021- 01- 21","52.95","52.88","53.33","52.69","","0.11%"
"2021- 01- 20","52.89","53.12","53.74","52.76","","-0.43%"
"2021- 01- 19","53.12","52.30","53.14","52.16","","1.57%"
"2021- 01- 18","52.30","52.14","52.52","51.74","","0.35%"
"2021- 01- 17","52.12","51.98","52.30","51.98","","0.21%"
"2021- 01- 15","52.01","53.74","53.77","51.80","","-3.20%"
"2021- 01- 14","53.73","52.67","53.77","52.20","","1.97%"
"2021- 01- 13","52.69","53.31","53.86","52.52","","-1.14%"
"2021- 01- 12","53.30","52.05","53.34","52.01","","2.44%"
"2021- 01- 11","52.03","52.23","52.31","51.44","","-0.36%"
"2021- 01- 10","52.22","52.52","52.62","52.14","","-0.72%"
"2021- 01- 08","52.60","50.84","52.63","50.73","","3.46%"
"2021- 01- 07","50.84","50.37","51.16","50.28","","0.91%"
"2021- 01- 06","50.38","49.66","50.81","49.38","","1.45%"
"2021- 01- 05","49.66","47.27","50.06","47.22","","5.03%"
"2021- 01- 04","47.28","48.31","49.70","47.06","","-2.11%"
"2021- 01- 03","48.30","48.12","48.38","47.99","","0.06%"
"2020- 12- 31","48.27","48.23","48.39","47.62","","0.10%"
"2020- 12- 30","48.22","47.93","48.49","47.46","","0.58%"
"2020- 12- 29","47.94","47.87","48.41","47.62","","0.15%"
"2020- 12- 28","47.87","47.92","49.00","47.61","","-0.13%"
"2020- 12- 27","47.93","48.25","48.25","47.58","","-0.72%"
"2020- 12- 24","48.28","48.08","48.64","47.61","","0.40%"
"2020- 12- 23","48.09","46.89","48.53","46.20","","2.56%"
"2020- 12- 22","46.89","47.80","47.91","46.58","","-1.97%"
"2020- 12- 21","47.83","48.59","48.61","46.28","","-1.58%"
"2020- 12- 20","48.60","49.32","49.32","48.51","","-1.34%"
"2020- 12- 18","49.26","48.54","49.44","48.29","","1.46%"
"2020- 12- 17","48.55","48.02","48.80","48.02","","1.10%"
"2020- 12- 16","48.02","47.72","48.11","47.35","","0.65%"
"2020- 12- 15","47.71","47.12","47.88","46.72","","1.25%"
"2020- 12- 14","47.12","46.81","47.56","45.89","","0.64%"
"2020- 12- 13","46.82","46.81","46.97","46.73","","0.26%"
"2020- 12- 11","46.70","47.23","47.44","46.51","","-1.12%"
"2020- 12- 10","47.23","45.84","47.85","45.70","","3.03%"
"2020- 12- 09","45.84","45.67","46.38","45.11","","0.39%"
"2020- 12- 08","45.66","45.75","46.05","45.28","","-0.20%"
"2020- 12- 07","45.75","46.16","46.64","45.48","","-0.91%"
"2020- 12- 06","46.17","46.27","46.36","46.17","","-0.04%"
"2020- 12- 04","46.19","45.80","46.76","45.77","","0.87%"
"2020- 12- 03","45.79","44.98","45.92","44.78","","1.76%"
"2020- 12- 02","45.00","44.25","45.99","44.02","","1.69%"
"2020- 12- 01","44.25","45.28","45.77","44.12","","-2.30%"
"2020- 11- 30","45.29","45.25","45.88","44.52","","0.11%"
"2020- 11- 29","45.24","45.30","45.44","44.88","","-1.09%"
"2020- 11- 27","45.74","45.06","45.74","44.66","","1.53%"
"2020- 11- 26","45.05","45.82","46.14","44.81","","-1.77%"
"2020- 11- 25","45.86","44.88","46.29","44.80","","2.18%"
"2020- 11- 24","44.88","43.20","45.25","43.08","","3.84%"
"2020- 11- 23","43.22","42.52","43.38","42.34","","1.65%"
"2020- 11- 22","42.52","42.47","42.61","42.41","","0.09%"
"2020- 11- 20","42.48","41.71","42.57","41.69","","1.89%"
"2020- 11- 19","41.69","41.77","42.16","41.31","","-0.26%"
"2020- 11- 18","41.80","41.52","42.68","41.33","","0.67%"
"2020- 11- 17","41.52","41.63","41.92","40.84","","-0.24%"
"2020- 11- 16","41.62","40.74","42.33","40.64","","2.19%"
"2020- 11- 15","40.73","40.48","40.77","40.41","","0.87%"
"2020- 11- 13","40.38","41.02","41.08","40.33","","-1.51%"
"2020- 11- 12","41.00","41.79","42.41","40.88","","-1.87%"
"2020- 11- 11","41.78","41.87","43.28","41.56","","-0.24%"
"2020- 11- 10","41.88","39.92","42.48","39.68","","4.88%"
"2020- 11- 09","39.93","38.06","41.55","37.97","","4.94%"
"2020- 11- 08","38.05","37.67","38.17","37.45","","0.93%"
"2020- 11- 06","37.70","38.66","38.73","37.30","","-2.48%"
"2020- 11- 05","38.66","39.17","39.56","38.50","","-1.45%"
"2020- 11- 04","39.23","38.62","39.45","37.47","","1.58%"
"2020- 11- 03","38.62","37.27","38.90","36.77","","3.62%"
"2020- 11- 02","37.27","34.20","37.52","34.09","","9.01%"
"2020- 11- 01","34.19","35.30","35.30","33.87","","-4.82%"
"2020- 10- 30","35.92","36.34","36.76","35.38","","-1.16%"
"2020- 10- 29","36.34","37.78","37.87","35.09","","-4.07%"
"2020- 10- 28","37.88","39.00","39.11","37.13","","-2.85%"
"2020- 10- 27","38.99","38.73","39.94","38.63","","0.62%"
"2020- 10- 26","38.75","39.30","39.45","38.39","","-1.42%"
"2020- 10- 25","39.31","39.59","39.60","39.02","","-1.23%"
"2020- 10- 23","39.80","40.63","40.98","39.66","","-2.14%"
"2020- 10- 22","40.67","39.96","41.08","39.78","","1.80%"
"2020- 10- 21","39.95","41.45","41.63","39.84","","-3.67%"
"2020- 10- 20","41.47","40.92","41.92","40.53","","1.27%"
"2020- 10- 19","40.95","41.23","41.47","40.80","","-0.68%"
"2020- 10- 18","41.23","41.03","41.36","40.95","","0.54%"
"2020- 10- 16","41.01","41.13","41.31","40.38","","-0.44%"
"2020- 10- 15","41.19","41.45","41.51","39.52","","-0.70%"
"2020- 10- 14","41.48","40.45","41.56","40.12","","2.65%"
"2020- 10- 13","40.41","39.91","40.77","39.63","","1.38%"
"2020- 10- 12","39.86","40.48","40.65","39.34","","-1.53%"
"2020- 10- 11","40.48","40.65","40.72","40.42","","-0.78%"
"2020- 10- 09","40.80","41.45","41.62","40.63","","-1.57%"
"2020- 10- 08","41.45","40.25","41.69","39.98","","2.93%"
"2020- 10- 07","40.27","39.97","40.52","39.48","","0.65%"
"2020- 10- 06","40.01","39.42","41.02","39.28","","1.57%"
"2020- 10- 05","39.39","37.49","39.86","37.45","","5.10%"
"2020- 10- 04","37.48","37.24","37.52","37.20","","0.75%"
"2020- 10- 02","37.20","38.63","38.75","36.80","","-3.78%"
"2020- 10- 01","38.66","40.16","40.59","37.79","","-3.76%"
"2020- 09- 30","40.17","39.27","40.48","38.80","","2.29%"
"2020- 09- 29","39.27","40.70","40.80","38.54","","-3.51%"
"2020- 09- 28","40.70","40.20","40.88","39.88","","1.24%"
"2020- 09- 27","40.20","40.10","40.35","40.10","","0.10%"
"2020- 09- 25","40.16","40.34","40.71","39.81","","-0.59%"
"2020- 09- 24","40.40","39.48","40.44","39.38","","2.51%"
"2020- 09- 23","39.41","39.77","40.77","39.22","","-0.91%"
"2020- 09- 22","39.77","39.97","40.30","39.25","","-0.53%"
"2020- 09- 21","39.98","41.08","41.52","38.92","","-2.65%"
"2020- 09- 20","41.07","41.17","41.20","40.81","","-0.29%"
"2020- 09- 18","41.19","41.14","41.73","40.55","","0.12%"
"2020- 09- 17","41.14","27.45","41.48","27.04","","49.71%"
"2020- 09- 16","27.48","26.18","27.52","26.12","","4.85%"
"2020- 09- 15","26.21","25.31","26.25","25.20","","3.52%"
"2020- 09- 14","25.32","25.22","25.41","24.91","","0.36%"
"2020- 09- 13","25.23","25.16","25.30","24.96","","1.41%"
"2020- 09- 11","24.88","24.71","25.12","24.43","","0.61%"
"2020- 09- 10","24.73","24.89","25.20","24.49","","-0.72%"
"2020- 09- 09","24.91","24.09","25.27","23.91","","3.49%"
"2020- 09- 08","24.07","25.54","25.62","23.77","","-5.68%"
"2020- 09- 07","25.52","25.09","25.63","25.09","","1.79%"
"2020- 09- 06","25.07","25.52","25.52","24.96","","-0.59%"
"2020- 09- 04","25.22","25.96","26.55","25.13","","-2.81%"
"2020- 09- 03","25.95","26.25","26.30","25.45","","-1.29%"
"2020- 09- 02","26.29","26.86","27.00","25.93","","-2.16%"
"2020- 09- 01","26.87","26.56","26.96","26.50","","1.13%"
"2020- 08- 31","26.57","26.54","26.91","26.32","","0.19%"
"2020- 08- 30","26.52","26.46","26.54","26.45","","1.45%"
"2020- 08- 28","26.14","25.93","26.30","25.87","","0.73%"
"2020- 08- 27","25.95","26.09","26.18","25.59","","-0.61%"
"2020- 08- 26","26.11","25.94","26.20","25.77","","0.77%"
"2020- 08- 25","25.91","25.29","25.95","25.25","","2.53%"
"2020- 08- 24","25.27","25.02","25.36","24.95","","1.00%"
"2020- 08- 23","25.02","25.02","25.16","24.95","","1.62%"
"2020- 08- 21","24.62","24.81","24.89","24.13","","-0.89%"
"2020- 08- 20","24.84","24.66","24.84","24.11","","0.61%"
"2020- 08- 19","24.69","24.59","24.82","24.48","","0.41%"
"2020- 08- 18","24.59","24.48","24.70","24.27","","0.37%"
"2020- 08- 17","24.50","24.12","24.57","23.95","","1.58%"
"2020- 08- 16","24.12","24.05","24.17","24.00","","1.52%"
"2020- 08- 14","23.76","23.73","23.78","23.45","","0.04%"
"2020- 08- 13","23.75","23.61","23.82","23.50","","0.55%"
"2020- 08- 12","23.62","22.98","23.75","22.96","","2.79%"
"2020- 08- 11","22.98","23.02","23.56","22.90","","-0.26%"
"2020- 08- 10","23.04","22.72","23.13","22.70","","1.36%"
"2020- 08- 09","22.73","22.61","22.75","22.52","","1.38%"
"2020- 08- 07","22.42","22.54","22.64","22.16","","-0.58%"
"2020- 08- 06","22.55","22.44","22.75","22.25","","0.45%"
"2020- 08- 05","22.45","21.88","22.93","21.84","","2.61%"
"2020- 08- 04","21.88","21.43","22.13","21.25","","2.20%"
"2020- 08- 03","21.41","21.04","21.67","20.82","","1.71%"
"2020- 08- 02","21.05","21.13","21.13","20.95","","0.72%"
"2020- 07- 31","20.90","20.75","20.91","20.51","","0.82%"
"2020- 07- 30","20.73","21.02","21.05","19.91","","-1.29%"
"2020- 07- 29","21.00","20.77","21.06","20.70","","1.11%"
"2020- 07- 28","20.77","20.84","20.98","20.57","","-0.48%"
"2020- 07- 27","20.87","20.44","20.88","20.23","","2.15%"
"2020- 07- 26","20.43","20.50","20.55","20.34","","0.79%"
"2020- 07- 24","20.27","19.99","20.31","19.87","","1.35%"
"2020- 07- 23","20.00","20.16","20.52","19.86","","-0.65%"
"2020- 07- 22","20.13","19.95","20.27","19.84","","0.85%"
"2020- 07- 21","19.96","19.55","20.34","19.54","","2.15%"
"2020- 07- 20","19.54","19.41","19.59","19.13","","0.67%"
"2020- 07- 19","19.41","19.39","19.42","19.31","","1.41%"
"2020- 07- 17","19.14","19.12","19.21","18.88","","0.26%"
"2020- 07- 16","19.09","19.09","19.21","18.96","","0.10%"
"2020- 07- 15","19.07","18.80","19.16","18.68","","1.60%"
"2020- 07- 14","18.77","18.25","18.94","18.09","","2.74%"
"2020- 07- 13","18.27","18.41","18.70","18.23","","-0.76%"
"2020- 07- 12","18.41","18.50","18.56","18.34","","0.22%"
"2020- 07- 10","18.37","17.88","18.38","17.50","","2.74%"
"2020- 07- 09","17.88","18.16","18.28","17.66","","-1.70%"
"2020- 07- 08","18.19","17.85","18.23","17.82","","1.85%"
"2020- 07- 07","17.86","17.88","18.05","17.62","","-0.17%"
"2020- 07- 06","17.89","17.69","18.00","17.62","","1.19%"
"2020- 07- 05","17.68","17.63","17.73","17.61","","1.73%"
"2020- 07- 03","17.38","17.24","17.39","17.16","","0.75%"
"2020- 07- 02","17.25","16.88","17.43","16.86","","2.31%"
"2020- 07- 01","16.86","16.73","17.13","16.55","","0.78%"
"2020- 06- 30","16.73","16.66","16.89","16.45","","0.54%"
"2020- 06- 29","16.64","15.96","16.75","15.86","","4.26%"
"2020- 06- 28","15.96","15.98","16.00","15.89","","0.57%"
"2020- 06- 26","15.87","16.07","16.25","15.70","","-1.37%"
"2020- 06- 25","16.09","15.63","16.18","15.38","","3.01%"
"2020- 06- 24","15.62","16.29","16.48","15.34","","-4.05%"
"2020- 06- 23","16.28","16.45","16.80","16.05","","-1.09%"
"2020- 06- 22","16.46","15.89","16.57","15.84","","3.46%"
"2020- 06- 21","15.91","15.59","15.96","15.59","","1.92%"
"2020- 06- 19","15.61","15.52","15.95","15.25","","0.45%"
"2020- 06- 18","15.54","14.89","15.61","14.79","","4.09%"
"2020- 06- 17","14.93","14.96","15.32","14.79","","-0.20%"
"2020- 06- 16","14.96","14.66","15.41","14.41","","1.77%"
"2020- 06- 15","14.70","13.96","14.79","13.62","","5.30%"
"2020- 06- 14","13.96","14.14","14.14","13.90","","-1.13%"
"2020- 06- 12","14.12","13.73","14.23","13.32","","2.99%"
"2020- 06- 11","13.71","14.62","14.68","13.66","","-6.22%"
"2020- 06- 10","14.62","14.43","15.04","14.32","","1.18%"
"2020- 06- 09","14.45","14.46","14.71","14.04","","-0.07%"
"2020- 06- 08","14.46","14.98","14.98","14.25","","-3.47%"
"2020- 06- 07","14.98","14.68","14.99","14.64","","4.54%"
"2020- 06- 05","14.33","13.79","14.55","13.73","","4.07%"
"2020- 06- 04","13.77","13.59","13.86","13.41","","1.32%"
"2020- 06- 03","13.59","13.48","13.78","13.23","","0.82%"
"2020- 06- 02","13.48","12.91","13.54","12.88","","4.25%"
"2020- 06- 01","12.93","12.77","13.02","12.55","","1.25%"
"2020- 05- 31","12.77","12.64","12.97","12.63","","0.79%"
"2020- 05- 29","12.67","12.07","12.77","11.82","","4.97%"
"2020- 05- 28","12.07","11.59","12.27","11.48","","4.14%"
"2020- 05- 27","11.59","12.18","12.23","11.41","","-4.84%"
"2020- 05- 26","12.18","12.04","12.32","11.89","","1.33%"
"2020- 05- 25","12.02","11.68","12.07","11.59","","3.09%"
"2020- 05- 24","11.66","11.79","11.80","11.54","","0.26%"
"2020- 05- 22","11.63","11.75","11.77","10.88","","-1.02%"
"2020- 05- 21","11.75","11.50","11.80","11.46","","2.17%"
"2020- 05- 20","11.50","10.99","11.57","10.98","","4.55%"
"2020- 05- 19","11.00","11.20","11.23","10.88","","-1.87%"
"2020- 05- 18","11.21","10.48","11.23","10.45","","7.17%"
"2020- 05- 17","10.46","10.29","10.48","10.25","","2.85%"
"2020- 05- 15","10.17","9.80","10.20","9.68","","3.88%"
"2020- 05- 14","9.79","9.41","9.88","9.29","","4.04%"
"2020- 05- 13","9.41","9.35","9.64","9.29","","0.32%"
"2020- 05- 12","9.38","9.48","9.63","9.32","","-0.85%"
"2020- 05- 11","9.46","9.70","9.88","9.39","","-2.57%"
"2020- 05- 10","9.71","9.71","9.75","9.63","","1.04%"
"2020- 05- 08","9.61","9.12","9.68","9.09","","5.37%"
"2020- 05- 07","9.12","9.18","9.63","8.95","","0.11%"
"2020- 05- 06","9.11","9.66","9.66","8.96","","-5.89%"
"2020- 05- 05","9.68","8.75","9.75","8.66","","10.88%"
"2020- 05- 04","8.73","8.27","8.82","8.12","","5.56%"
"2020- 05- 03","8.27","8.32","8.34","8.21","","-0.48%"
"2020- 05- 01","8.31","8.61","8.79","8.16","","-3.60%"
"2020- 04- 30","8.62","8.15","8.75","7.96","","5.64%"
"2020- 04- 29","8.16","7.77","8.16","7.77","","4.75%"
"2020- 04- 28","7.79","7.78","8.13","7.64","","0.00%"
"2020- 04- 27","7.79","8.07","8.07","7.64","","-3.47%"
"2020- 04- 26","8.07","8.02","8.09","8.00","","1.00%"
"2020- 04- 24","7.99","8.16","8.32","7.79","","-2.68%"
"2020- 04- 23","8.21","8.04","8.54","7.88","","1.99%"
"2020- 04- 22","8.05","7.97","8.23","6.93","","0.88%"
"2020- 04- 21","7.98","11.99","12.71","6.79","","-33.28%"
"2020- 04- 20","11.96","17.05","17.21","11.34","","-29.85%"
"2020- 04- 19","17.05","17.73","17.81","16.91","","-6.11%"
"2020- 04- 17","18.16","19.89","20.04","17.27","","-8.65%"
"2020- 04- 16","19.88","20.29","20.45","19.38","","-1.83%"
"2020- 04- 15","20.25","20.77","20.80","19.14","","-2.60%"
"2020- 04- 14","20.79","22.75","22.82","19.88","","-8.82%"
"2020- 04- 13","22.80","23.13","24.44","22.21","","-1.38%"
"2020- 04- 12","23.12","24.46","24.46","21.95","","0.30%"
"2020- 04- 09","23.05","26.25","28.12","22.45","","-12.12%"
"2020- 04- 08","26.23","24.45","26.38","23.57","","7.28%"
"2020- 04- 07","24.45","26.73","27.02","23.37","","-8.60%"
"2020- 04- 06","26.75","26.14","27.98","25.62","","2.37%"
"2020- 04- 05","26.13","25.88","26.30","25.20","","-8.32%"
"2020- 04- 03","28.50","24.42","28.83","23.27","","16.52%"
"2020- 04- 02","24.46","21.01","26.94","20.54","","16.37%"
"2020- 04- 01","21.02","20.06","21.30","19.71","","4.84%"
"2020- 03- 31","20.05","20.27","21.59","19.78","","-1.09%"
"2020- 03- 30","20.27","20.07","20.59","19.04","","1.10%"
"2020- 03- 29","20.05","20.63","20.63","19.69","","-6.87%"
"2020- 03- 27","21.53","22.77","23.04","20.61","","-5.45%"
"2020- 03- 26","22.77","23.84","24.27","22.05","","-4.69%"
"2020- 03- 25","23.89","24.25","24.82","22.59","","-1.48%"
"2020- 03- 24","24.25","23.98","24.75","22.73","","0.83%"
"2020- 03- 23","24.05","21.20","24.20","21.20","","13.28%"
"2020- 03- 22","21.23","21.09","21.34","20.50","","-8.49%"
"2020- 03- 20","23.20","25.98","27.97","22.02","","-10.77%"
"2020- 03- 19","26.00","23.38","27.61","21.34","","10.31%"
"2020- 03- 18","23.57","26.50","27.16","20.05","","-10.99%"
"2020- 03- 17","26.48","29.11","30.28","26.21","","-9.10%"
"2020- 03- 16","29.13","30.45","31.52","28.12","","-4.33%"
"2020- 03- 15","30.45","30.21","30.61","29.75","","-7.67%"
"2020- 03- 13","32.98","30.96","33.84","30.61","","6.32%"
"2020- 03- 12","31.02","33.12","33.51","29.99","","-6.26%"
"2020- 03- 11","33.09","34.08","36.23","32.53","","-2.71%"
"2020- 03- 10","34.01","32.57","34.95","31.75","","5.03%"
"2020- 03- 09","32.38","32.47","34.77","27.30","","-0.22%"
"2020- 03- 08","32.45","32.50","33.51","32.30","","-21.86%"
"2020- 03- 06","41.53","46.14","46.27","40.98","","-9.95%"
"2020- 03- 05","46.12","47.23","47.45","45.55","","-2.35%"
"2020- 03- 04","47.23","46.91","48.30","46.55","","0.68%"
"2020- 03- 03","46.91","47.80","48.52","46.38","","-1.86%"
"2020- 03- 02","47.80","44.47","47.81","44.31","","7.54%"
"2020- 03- 01","44.45","43.37","44.58","43.37","","-1.51%"
"2020- 02- 28","45.13","46.70","46.79","43.73","","-3.28%"
"2020- 02- 27","46.66","48.24","48.38","45.76","","-3.32%"
"2020- 02- 26","48.26","50.02","50.27","48.09","","-3.50%"
"2020- 02- 25","50.01","51.27","51.83","49.55","","-2.46%"
"2020- 02- 24","51.27","51.88","52.09","50.27","","-1.16%"
"2020- 02- 23","51.87","52.37","52.42","51.48","","-2.54%"
"2020- 02- 21","53.22","53.28","53.62","52.34","","-0.08%"
"2020- 02- 20","53.26","53.52","54.39","53.17","","-0.50%"
"2020- 02- 19","53.53","52.17","53.55","51.94","","2.63%"
"2020- 02- 18","52.16","51.97","52.19","50.91","","0.40%"
"2020- 02- 17","51.95","52.09","52.21","51.80","","-0.31%"
"2020- 02- 16","52.11","52.22","52.34","52.09","","-0.17%"
"2020- 02- 14","52.20","51.41","52.30","51.31","","1.58%"
"2020- 02- 13","51.39","51.47","51.89","50.59","","-0.12%"
"2020- 02- 12","51.45","50.12","51.95","50.08","","2.65%"
"2020- 02- 11","50.12","49.80","50.67","49.70","","0.68%"
"2020- 02- 10","49.78","49.74","50.44","49.44","","0.08%"
"2020- 02- 09","49.74","49.97","50.14","49.55","","-1.19%"
"2020- 02- 07","50.34","51.41","51.41","50.08","","-2.08%"
"2020- 02- 06","51.41","51.17","52.14","50.23","","0.41%"
"2020- 02- 05","51.20","49.61","51.84","49.59","","3.27%"
"2020- 02- 04","49.58","49.91","51.52","49.32","","-0.60%"
"2020- 02- 03","49.88","51.02","51.94","49.64","","-2.23%"
"2020- 02- 02","51.02","50.77","51.23","50.77","","-1.07%"
"2020- 01- 31","51.57","52.84","53.31","50.95","","-2.40%"
"2020- 01- 30","52.84","53.09","53.16","51.64","","-0.47%"
"2020- 01- 29","53.09","53.73","54.33","52.80","","-1.21%"
"2020- 01- 28","53.74","52.92","54.02","52.64","","1.57%"
"2020- 01- 27","52.91","52.59","53.47","52.12","","0.67%"
"2020- 01- 26","52.56","53.37","53.55","52.16","","-2.90%"
"2020- 01- 24","54.13","55.62","55.91","53.84","","-2.68%"
"2020- 01- 23","55.62","56.08","56.12","54.73","","-0.84%"
"2020- 01- 22","56.09","58.24","58.33","56.03","","-3.72%"
"2020- 01- 21","58.26","58.66","58.80","57.66","","-0.70%"
"2020- 01- 20","58.67","59.23","59.27","58.52","","-0.93%"
"2020- 01- 19","59.22","59.33","59.62","59.19","","0.77%"
"2020- 01- 17","58.77","58.62","58.98","58.28","","0.27%"
"2020- 01- 16","58.61","58.13","58.87","57.58","","0.84%"
"2020- 01- 15","58.12","58.09","58.37","57.39","","0.05%"
"2020- 01- 14","58.09","58.13","58.72","57.77","","-0.05%"
"2020- 01- 13","58.12","58.92","59.28","57.95","","-1.39%"
"2020- 01- 12","58.94","59.12","59.12","58.73","","-0.39%"
"2020- 01- 10","59.17","59.53","59.80","58.88","","-0.64%"
"2020- 01- 09","59.55","59.98","60.31","58.70","","-0.70%"
"2020- 01- 08","59.97","64.92","65.67","59.17","","-7.62%"
"2020- 01- 07","64.92","62.98","65.48","62.16","","3.06%"
"2020- 01- 06","62.99","63.86","64.75","62.69","","-1.41%"
"2020- 01- 05","63.89","63.84","64.30","63.64","","1.25%"
"2020- 01- 03","63.10","61.20","64.11","61.16","","3.12%"
"2020- 01- 02","61.19","61.42","61.48","60.73","","-0.05%"